Name,V,M,n,np,B,G,E,v,H,B',G',_,vL,vS,va,_e,_el,_es,_e,A,y-theory,y-exp
66_C,11.41,24.022,2,2,431.745,518.249,1110.438653,0.071336996,95.90230705,-104.589,-85.5965,3.496005171,17.92067129,12.17539902,13.27680911,1755.800206,0.944703921,0.775598601,0.835777458,7.83E-07,547.1030919,5200
20012_InSb,73.73,236.57,2,2,36.8242,14.5179,38.49484944,0.325771959,3.219550048,-1.94439,0.3045,5.327997153,3.247239241,1.650706678,1.849941434,131.3469021,0.842791043,-0.939877152,0.908668414,9.57E-07,4.344093931,36.5
1190_ZnSe,47.34,144.35,2,2,56.3189,29.0179,74.29390374,0.28013922,6.603032251,-4.2422,-0.26488,5.063339905,4.331764348,2.393946544,2.66736415,219.524413,0.978193196,0.049396853,0.566198442,3.08E-07,8.835526534,52
682_NaF,24.74,41.988,2,2,52.4118,36.3275,88.52888121,0.218482984,10.65396585,-7.08337,-3.81125,2.818214476,5.982016809,3.590299967,3.971626291,405.7997213,1.325487935,1.131114973,1.199411026,1.86E-06,17.65563632,34.9
16220_Si,40.97,56.17,2,2,90.0009,63.4097,154.0505711,0.214724017,15.04334547,-7.52203,-1.50861,2.27660145,8.756144051,5.277574166,5.835682027,503.979531,0.95219396,0.320701604,0.608925933,3.66E-07,40.81575156,312
5967_CoSbTi,50.92,228.563,3,3,99.1099,75.0202,179.7159088,0.197783456,18.05139765,-13.313,-3.95894,7.453599973,5.16883606,3.172532417,3.501589138,281.2628161,2.210300912,1.176899631,1.59745794,3.71E-06,30.43366395,37
2760096_BeBiLi,227.56,900.012,12,3,46.339,40.1131,93.39138686,0.164100841,14.64332608,-0.6288,-0.47273,6.560755218,3.900665252,2.472670206,2.719620717,210.5262698,1.2684832,1.174222454,1.206461268,1.89E-06,11.65205225,748.19
7140_SiC,125.96,240.576,12,12,212.562,187.444,434.5875726,0.159246422,36.87749136,-4.93794,-1.66011,3.171525414,12.07579755,7.68779287,8.451478118,501.9553105,0.807190127,0.391119807,0.564949941,3.06E-07,40.62075919,490
2542_BeO,28.08,50.026,4,4,209.486,155.782,374.512053,0.202038917,27.11105754,-21.545,-7.02538,2.958334127,11.87534155,7.256630768,8.012949206,784.8800454,0.873629998,0.466502346,0.632054389,4.01E-07,61.43935809,370
8062_SiC,21,40.096,2,2,212.057,193.395,444.927675,0.150308113,39.06536061,-29.6178,-11.9465,3.170518581,12.17434002,7.810115734,8.57836449,925.7093769,0.851040503,0.481944983,0.629500297,3.97E-07,146.4311219,360
1479_BP,23.5,41.785,2,2,161.638,163.001,365.9807239,0.12263337,39.75832318,-20.1941,-11.3623,2.952576048,11.32930836,7.430098791,8.139380141,846.0161314,0.929164453,0.652389812,0.755991956,6.16E-07,130.1235387,350
661_AlN,42.53,81.964,4,4,196.567,121.655,302.5492517,0.243472326,18.92455463,-13.5742,-1.02109,3.200194025,10.58819972,6.165621019,6.839809961,583.385334,0.718589688,0.011817398,0.414990137,1.46E-07,40.11840718,350
611448_C,22.87,48.044,4,4,434.165,523.852,1120.785827,0.069754269,97.09234088,-52.0279,-40.9103,3.488361959,18.01914127,12.25444176,13.36120445,1401.41519,0.909307024,0.726351362,0.792046267,6.89E-07,343.2958451,272
804_GaN,48.22,167.448,4,4,185.444,100.628,255.6437675,0.270241719,14.52086881,-14.3611,-0.4546,5.766354084,7.444965623,4.177426017,4.64892265,380.2651429,0.962380381,-0.057746625,0.557627517,2.97E-07,26.63748591,210
1008395_C,148.08,144.132,12,12,133.698,56.306,148.124172,0.315349803,7.685768632,-0.07171,2.62855,1.616264952,11.36529052,5.902297015,6.605707406,371.7324412,-1.384168228,-3.623098344,3.0642892,1.77E-05,20.5159539,206
629458_BC2N,23.74,48.834,4,4,373.272,411.309,902.4548599,0.097052168,75.79236776,-43.7572,-37.4547,3.415781896,16.4265348,10.97334517,11.99285006,1242.335127,1.040016986,0.914241578,0.958003246,1.09E-06,265.5942414,188
2653_BN,23.89,49.624,4,4,375.268,384.871,860.4550508,0.117848644,67.03144134,-41.8028,-28.375,3.449245978,16.04905116,10.5632002,11.56642495,1195.648969,0.904047207,0.713990424,0.782488765,6.69E-07,222.3511993,178
24_C,44.92,96.088,8,8,387.319,510.586,1064.150178,0.042087109,106.0841306,-24.812,-27.9579,3.552040873,17.3407169,11.98934546,13.04224047,1092.317488,1.138944228,1.063164222,1.089010297,1.48E-06,231.2337873,162
1100398_BeLiSb,51.32,137.773,3,3,55.4215,50.3091,115.8675484,0.151556561,17.67323714,-3.2598,-2.70439,4.457855796,5.242103221,3.359388771,3.690290464,295.6479925,1.271474012,1.212699043,1.232602139,1.99E-06,19.25712578,153.76
568410_C,46.93,96.088,8,8,415.737,469.277,1022.938878,0.089909455,84.21132684,-24.008,-15.7661,3.399907863,17.50183091,11.7484632,12.83186245,1059.130424,0.847906207,0.621676969,0.705197241,5.21E-07,179.763713,147
1078935_BC7,47.5,94.888,8,8,391.062,231.93,580.9421336,0.252408342,26.26056298,-22.14,-80.9735,3.317158561,14.5297977,8.361714755,9.285711575,763.3562268,4.245695191,8.125148213,7.072528888,1.32E-04,167.7900302,145
632329_C,47.82,96.088,8,8,403.91,453.931,990.6730312,0.091215439,82.16638519,-22.8201,-16.0875,3.336630615,17.39098114,11.66382127,12.74088103,1045.055935,0.882232598,0.680713497,0.753895679,6.12E-07,178.4810731,145
1077743_BC5,36.16,70.866,6,6,374.266,344.566,790.9653276,0.147770424,55.37606038,-27.3587,-13.8661,3.254303447,16.00562282,10.28980602,11.29916432,1017.294703,0.827603863,0.56091263,0.66185953,4.47E-07,140.0048202,137
2772322_ScBHg,198.52,1025.43,12,3,109.418,66.1716,165.2105674,0.248349499,12.8995587,-1.84583,-1.01657,8.568468651,4.80278657,2.778972261,3.084591197,249.896087,1.441033214,1.358228276,1.386379556,2.64E-06,22.42863122,134.35
1569_Be2C,20.33,30.037,3,3,200.476,232.258,502.6585468,0.08211245,57.53015551,-24.7072,-26.7937,2.453396402,14.42004124,9.729745463,10.61974786,1158.452804,1.03746667,1.005985989,1.016587873,1.25E-06,171.740875,129
1009818_CN2,18.25,40.013,3,3,397.144,249.696,619.2978098,0.240103586,29.35743859,-66.8499,32.4742,3.640715925,14.16085414,8.281564638,9.183553141,1038.483785,0.127691384,-1.353418056,1.107517639,1.54E-06,164.5279233,127
1079046_BC7,47.5,94.888,8,8,388.624,392.753,881.3532292,0.122019729,66.67454874,-22.2508,-15.734,3.317158561,16.5838153,10.88119617,11.91923889,979.8522333,0.958737077,0.784777371,0.846744319,8.08E-07,151.8454351,125
30148_B2C4N2,47.44,97.668,8,8,374.895,420.969,918.9459991,0.091465166,78.54429761,-21.8318,-17.8282,3.418661982,16.54829377,11.09678002,12.12174516,996.9197238,0.988761506,0.837884509,0.891020055,9.13E-07,167.9239221,120
585_MnB2,22.05,76.56,3,3,262.529,78.2193,213.458266,0.364485913,6.213817752,-38.3107,-6.17376,5.765565086,7.976390223,3.683290925,4.149308779,440.5374392,1.232187761,0.70352399,0.914362927,9.72E-07,23.70714283,117
1145_TiB2,25.68,69.502,3,3,261.322,252.517,572.989839,0.134556958,48.86007698,-31.0911,-25.358,4.49418381,11.53531058,7.495832876,8.220631718,829.564423,1.226849873,1.122738482,1.158482342,1.71E-06,166.2059021,110
1330_AlN,16.84,40.982,2,2,255.333,232.261,534.665399,0.151001242,43.35141308,-44.4764,-36.5213,4.041100116,11.82442219,7.581206753,8.327505357,967.2620696,1.221800321,1.157315173,1.179202109,1.79E-06,203.8970007,107
1018027_VN,17.2,64.942,2,2,347.305,253.005,610.71658,0.20692591,35.1471133,-71.491,-37.6998,6.269685562,10.44984479,6.352456089,7.018245563,809.4605295,1.362759006,1.114803186,1.203146485,1.88E-06,192.2436802,101
2490_GaP,42.41,100.697,2,2,80.7096,50.9903,126.3604468,0.239063575,11.6565008,-8.00336,-1.27945,3.942727915,6.141185455,3.596212777,3.987418246,340.417831,1.217934412,0.365409772,0.763852699,6.31E-07,24.97564589,100
2172_AlAs,47.13,101.903,2,2,67.0829,41.6954,103.6182197,0.242561766,10.1659706,-4.75488,-0.52985,3.590360672,5.845371549,3.407807334,3.780040941,311.5592308,0.8824043,0.132788795,0.52086565,2.52E-07,17.22008444,98
856_SnO2,75.47,301.42,6,6,179.366,88.1293,227.1804506,0.288904205,11.96300307,-8.88176,-1.66219,6.632026665,6.69054186,3.6453315,4.066081227,286.4581609,1.243988125,0.545046006,0.844917501,8.04E-07,18.73504798,98
20351_InP,53.99,145.794,2,2,63.0936,31.4462,80.89851119,0.286300271,6.65701181,-4.39262,-0.36826,4.484095693,4.839521578,2.64817481,2.952874792,232.6040055,1.088630787,0.149466243,0.640259663,4.13E-07,11.65042179,93
1550_AlP,41.76,57.955,2,2,84.8087,49.085,123.4403465,0.257414144,10.28892156,-6.38519,-0.49143,2.30451197,8.074683568,4.615140358,5.128156837,440.0659181,0.811695582,0.042380056,0.469908451,1.97E-07,25.43743423,90
1764974_ScSiLi,206.22,320.204,12,3,67.3645,39.7644,99.67993733,0.253381634,9.308471019,-1.07333,-0.66828,2.575712763,6.83652063,3.929149033,4.363832337,349.0768581,1.515838446,1.56619868,1.549593797,3.45E-06,20.21393895,71.14
1751646_AlPtTa,221.87,1612.04,12,3,177.792,81.9192,213.0379136,0.300292933,10.63223609,-2.74219,-0.55718,12.05254302,4.87994491,2.607074886,2.91215273,227.3410615,1.18035595,0.587866621,0.833549538,7.78E-07,22.47744227,66.55
1778_BeO,14.02,25.013,2,2,193.426,163.141,382.0206365,0.17082964,32.27423047,-62.0336,-18.6352,2.962554289,11.77768472,7.42076026,8.167446453,1008.432632,1.315354238,0.634068599,0.919101508,9.84E-07,120.0800746,62.77
1763617_SiRhTa,203.91,1247.76,12,3,201.272,81.8362,216.205856,0.320967103,9.179578405,-2.1055,-0.86391,10.15065329,5.529740077,2.839394459,3.180100986,255.3434173,0.903308072,0.909628959,0.907526888,9.55E-07,24.79668197,60.08
1265_MgO,19.16,40.305,2,2,153.228,122.451,290.0809889,0.184477827,25.61877031,-19.7986,-17.1614,3.493107642,9.518710716,5.920729005,6.525654421,726.0538547,1.125226029,1.175961911,1.159296691,1.72E-06,87.93822721,60
343_PrN,30.69,154.908,2,2,131.601,68.7342,175.6264763,0.277577075,11.11053962,-43.9232,-3.31552,8.381572511,5.160950259,2.863674734,3.189738142,303.3188039,3.15628223,0.573527507,1.881487454,5.49E-06,34.99492084,58.21
2624_AlSb,60.56,148.731,2,2,49.365,29.8318,74.49030311,0.248505003,8.087085792,-2.84822,-0.31204,4.078159239,4.675262623,2.704628621,3.002126069,227.6024344,0.942166443,0.150061496,0.557588412,2.97E-07,10.94686987,56
2756989_PbScLi,317.29,1036.66,12,3,34.1794,1.39429,4.126755364,0.479876986,0.057526151,-0.33499,-0.02025,5.419776985,2.578649789,0.507207712,0.579873357,40.18009473,1.426850764,2.137417312,1.929853935,5.84E-06,0.125784369,54.83
2735816_GeBLi,147.69,361.724,12,3,90.185,52.7047,132.3349626,0.255437965,10.84846907,-1.9893,-1.24863,4.062821049,6.284442402,3.601727285,4.00115778,357.7381392,1.515020008,1.582799365,1.560533379,3.51E-06,22.05106431,53.13
2734800_BAuTi,185.41,1022.63,12,3,153.88,20.0136,57.54599345,0.437672219,1.06133528,-3.02923,0.05223,9.149278233,4.44245593,1.479003461,1.682750137,139.4671243,1.352836531,-0.408601259,0.849328491,8.14E-07,3.124213486,51.47
2725726_AlPdTa,219.21,1257.4,12,3,157.219,67.9593,178.2015085,0.311089936,8.84536839,-2.43029,-0.53234,9.515126219,5.103532542,2.672496663,2.989349465,234.3076658,1.222052047,0.691893173,0.903851671,9.45E-07,19.74651596,45.98
16730_MoN,20.51,109.941,2,2,344.176,31.6847,92.22406363,0.455340648,0.926803704,-63.1398,-35.9773,8.90107726,6.588852516,1.886702889,2.151349778,233.990956,2.781994326,11.47766677,9.508122163,2.68E-04,19.05279378,45.92
2787200_NiAlTa,202.03,1066.48,12,3,136.499,7.95585,23.41268031,0.471412879,0.241898667,-2.14199,-0.66189,8.756656447,4.098710257,0.95317828,1.088839113,87.69773054,1.910197745,8.237315101,6.81556003,1.21E-04,1.917180676,45.92
1100414_RhSiV,46.09,181.932,3,3,183.194,71.6522,190.1638354,0.3269923,8.116179859,-13.9595,-2.31595,6.554671542,6.521036007,3.306277471,3.705927665,307.7310378,1.242789529,0.578196265,0.858903886,8.36E-07,23.94500911,45.69
22205_InN,66.3,257.642,4,4,126.948,47.0566,125.6452347,0.335043699,5.959870068,-7.21716,0.05779,6.45285166,5.421837913,2.700439374,3.030076638,222.8909163,1.081129051,-0.207378033,0.646748617,4.23E-07,9.73866313,45
2534_GaAs,47.82,144.645,2,2,55.5955,39.3308,95.47737828,0.213773662,11.43114268,-13.3637,-6.52925,5.022759713,4.637823171,2.798305905,3.09390555,253.774001,4.717592185,3.802598324,4.13018095,3.62E-05,30.38459143,45
1100394_BMgSc,48.82,80.072,3,3,87.0604,66.8542,159.6875842,0.194297323,17.16092477,-5.12211,-2.44691,2.723525522,8.043339604,4.954486204,5.46633763,445.2874551,0.994912469,0.726756231,0.825873287,7.61E-07,32.04143931,43.43
2786294_NiSiTi,172.75,538.62,12,3,151.146,93.06,231.6400441,0.244573631,16.08107417,-1.39753,-1.23404,5.172087686,7.294773128,4.241784341,4.706208978,399.3574454,0.788300986,0.978725607,0.919642335,9.85E-07,38.95410971,42.76
961710_PtSiV,48.63,274.106,3,3,177.044,43.0881,119.5646168,0.387443595,3.459968261,-13.0084,-0.05882,9.35971922,5.005358609,2.145592595,2.424669286,197.7702764,1.19031946,-0.133474015,0.695818713,5.05E-07,8.961492228,42.47
1009885_ZrN,31.19,105.225,2,2,193.73,71.4427,190.8659318,0.335797302,7.563201845,-20.2489,0.11984,5.602116136,7.182291862,3.571107105,4.007425682,379.0271193,0.917429831,-0.19282616,0.552582227,2.90E-07,28.56695703,41.65
1156_GaSb,60.57,191.473,2,2,45.1659,19.9313,52.12628225,0.30764883,4.421672139,-2.79157,0.58247,5.249265223,3.69687149,1.94858141,2.178643733,165.1620604,0.683929049,-1.051711995,0.945155222,1.05E-06,6.65112711,40
2783746_AsFeV,165.74,726.84,12,3,196.764,86.0118,225.2186552,0.309231147,10.28638908,-5.11645,-1.32207,7.274664097,6.543124519,3.438527847,3.845283062,330.8383147,1.663761082,1.10711136,1.319026417,2.34E-06,34.05082848,39.8
1100441_BCrCu,31.39,126.353,3,3,188.969,80.4627,211.3855554,0.313562405,9.593378082,-27.1349,-7.37551,6.684097716,6.657477236,3.469572011,3.882163587,366.3981952,1.791888616,1.27199534,1.465925089,3.02E-06,30.58425309,38.57
1100396_BLiSn,43.41,136.531,3,3,82.884,82.5803,185.9760364,0.126031489,26.33525058,-6.46784,-4.67971,5.222639312,6.078880227,3.976428807,4.357406921,369.12613,1.262494172,1.063325299,1.133609709,1.63E-06,33.96897105,37.42
1100438_SnLiSc,76.93,170.676,3,3,38.3202,2.21958,6.532612816,0.471587601,0.113795416,-1.35817,0.01819,3.68404793,3.347382295,0.77619844,0.886686666,62.06996963,1.076297288,-0.481896733,0.73549638,5.76E-07,0.205507017,36.48
961706_PtSiTi,51.05,271.045,3,3,165.445,71.9446,188.509088,0.310098937,9.209521671,-12.4405,-2.38072,8.816459197,5.444797214,2.856616893,3.194891926,256.4095455,1.358243888,0.677981549,0.959886177,1.09E-06,22.32246791,36.43
1001916_HfN,29.61,192.491,2,2,204.015,82.5997,218.3334878,0.321636082,9.183802887,-22.2776,-0.23297,10.79494837,5.394569825,2.766170531,3.098361067,298.169001,0.897859502,-0.124909604,0.528316983,2.61E-07,24.55870865,36.14
4524_ZnGeP2,164.92,399.896,8,8,71.6043,48.6109,118.9214688,0.223197562,12.33016309,-1.5902,-0.26291,4.026449737,5.820710833,3.474606997,3.845663146,208.7805629,1.006440933,0.279314761,0.624221335,3.89E-07,8.297629349,35
2783854_AsMnFe,161.15,742.828,12,3,184.655,30.7174,87.31080921,0.421194652,1.818642169,-4.40448,-0.49618,7.646442294,5.431889679,2.004299042,2.275454512,197.6156421,1.642625799,1.134866129,1.325903689,2.37E-06,7.362603004,33.78
2730034_MnTeTa,212.66,1453.94,12,3,173.94,80.5513,209.339054,0.299414497,10.59058506,-3.19238,-1.18238,11.34128162,4.980649861,2.665049068,2.976579811,235.6778992,1.635681365,1.394108459,1.479023362,3.08E-06,28.01036981,33.36
961660_FeSeTi,44.09,182.687,3,3,134.783,76.6483,193.3025203,0.260970696,13.08153904,-15.5394,-5.26917,6.880438121,5.868788692,3.337668629,3.710250009,312.6797392,1.9324261,1.348811859,1.567679548,3.54E-06,31.61549804,33.32
961659_PdSiTi,50.4,182.385,3,3,148.562,60.8217,160.5545988,0.319879244,7.7789451,-11.1326,-2.27333,6.009068147,6.182111681,3.181454473,3.562700705,287.1523844,1.387496609,0.775232623,1.020966548,1.27E-06,21.5320886,31.65
2711672_GeRhTa,211.87,1425.86,12,3,190.148,74.3218,197.2643007,0.327095823,8.285173343,-3.36157,-0.76845,11.16371855,5.09011436,2.580201778,2.892126048,229.2753286,1.439760251,0.928647908,1.125119765,1.60E-06,22.64207796,31.57
2785355_CrAsFe,161,731.06,12,3,191.958,75.1144,199.3419391,0.326922262,8.347817442,-4.38958,-1.14626,7.532317287,6.227436474,3.157892184,3.539573568,307.495606,1.464199195,1.061778611,1.210871163,1.91E-06,26.31775235,30.37
961653_FeSiW,42.34,267.782,3,3,234.434,124.176,316.6243543,0.274901568,15.96401034,-21.6561,-6.91361,10.50217076,6.171511516,3.438581287,3.828852797,327.0606669,1.467344668,1.011992041,1.183406968,1.80E-06,46.75717029,30.34
1009488_NiN,16.69,72.691,2,2,264.479,95.5838,255.9210882,0.338726271,8.758036107,-15.0723,-17.8207,7.23224042,7.361469871,3.63542943,4.081195708,475.4577254,0.660185675,1.389180051,1.19659065,1.85E-06,43.07737547,30.3
20305_InAs,60.07,189.742,2,2,48.8356,19.2234,50.98091028,0.326011795,3.78730485,-3.58561,0.35283,5.245107459,3.767941494,1.914423013,2.145554951,163.1036565,1.089787632,-0.717934863,0.859941474,8.39E-07,6.095339087,30
961668_PtAlV,50.01,273.002,3,3,141.659,33.2195,92.43320356,0.391249169,2.845241865,-10.1315,-2.30071,9.0647853,4.529197683,1.914334316,2.164462706,174.9072272,1.608223738,1.565125008,1.579621914,3.61E-06,8.650465471,29.89
2726485_SbZrPd,276.66,1277.58,12,3,101.226,9.9724,28.96599354,0.452308047,0.510189743,-1.31477,-0.27624,7.660254375,3.866552198,1.140980571,1.300550601,94.32823891,1.866311761,3.665137032,3.180648703,1.94E-05,2.340040532,28.61
2114_YN,29.51,102.907,2,2,158.814,120.916,289.3212824,0.196373029,24.02974365,-17.1711,-10.3388,5.790609203,7.434244434,4.569616541,5.042820393,485.8404793,1.260545243,1.09494465,1.152791089,1.69E-06,77.5149142,28.51
1764227_YSiLi,283.6,496.004,12,3,49.8562,22.2123,58.02034942,0.306041009,4.763983056,-0.50276,0.00539,2.901218325,5.233816654,2.766983435,3.093035424,222.4911537,0.717566373,-0.20107562,0.445632251,1.73E-07,5.476654072,27.87
2788344_NiSiZr,197.54,711.996,12,3,146.55,82.9916,209.439453,0.261811153,13.63739734,-2.38773,-1.06363,5.978936817,6.558856293,3.725676022,4.141985584,336.1141758,1.294846096,1.099181143,1.168050339,1.75E-06,35.32420115,27.69
422_BeS,29,41.079,2,2,94.2002,66.8597,162.2037582,0.213015899,15.65139038,-9.06823,-2.99915,2.352179243,8.82878754,5.331470435,5.894170749,571.1716539,0.866747858,0.483765133,0.637523662,4.09E-07,39.44160004,27.54
10695_ZnS,40.48,97.456,2,2,69.0588,35.0276,89.88570051,0.283069644,7.237422948,-5.3592,0.40073,3.997759155,5.381151232,2.960035213,3.299298069,286.0781251,0.676922906,-0.398220504,0.508390847,2.38E-07,12.00214335,27
2605_CaO,28.19,56.078,2,2,105.002,76.8543,185.3433402,0.205809826,17.60258613,-11.0452,-6.82857,3.303284569,7.925182363,4.823486767,5.328382405,521.2430686,1.202242877,1.085686086,1.125879877,1.60E-06,50.89142209,27
2712427_GeRhV,194.01,905.828,12,3,170.569,59.4493,159.7844038,0.343871196,6.358203339,-3.09669,-0.42108,7.745029655,5.679562272,2.770523448,3.112374554,254.0858113,1.253699893,0.520420741,0.839332853,7.91E-07,16.9083294,25.78
10044_BAs,27.98,85.733,2,2,131.342,125.419,285.4104683,0.137827874,31.99818941,-14.8762,-7.33929,5.088020576,7.660316526,4.964862637,5.446636665,534.1408188,0.988919435,0.652002491,0.78063567,6.65E-07,72.13520155,25.75
961649_FeTeZr,56.42,274.671,3,3,139.41,76.1765,193.3184389,0.268885017,12.439473,-12.597,-4.04768,8.084036673,5.459780223,3.069703079,3.415613318,265.1353307,1.939777502,1.332287116,1.561272416,3.51E-06,31.4119588,25.71
2762271_CrAsRu,186.6,911.952,12,3,193.621,49.4782,136.7833279,0.382258529,3.97184232,-3.72602,-0.34102,8.107030378,5.658674282,2.47044987,2.789793126,230.7268037,1.335924531,0.476387567,0.863825712,8.48E-07,12.72738188,25.7
2725749_GePdTi,210.97,907.64,12,3,135.697,50.8471,135.6038957,0.333447686,6.315677834,-2.45079,-0.41166,7.136649763,5.339833155,2.669229416,2.994423685,237.7221291,1.38827617,0.68734379,0.978467117,1.14E-06,15.17095528,25.62
961688_PtGaV,50.51,315.744,3,3,141.095,18.1782,52.28902015,0.438234263,0.9922319,-10.962,-1.11092,10.3802135,3.990948326,1.323342607,1.50575479,121.2751247,1.734069725,1.376736123,1.50530202,3.22E-06,3.282232067,25.17
961696_CoMnSi,37.56,141.956,3,3,198.475,64.4553,174.4784486,0.353484109,6.13709859,-19.8705,-2.55429,6.275910159,6.731908355,3.2047264,3.604810609,320.4674003,1.370266325,0.577563307,0.921011862,9.89E-07,20.26741895,24.3
2686346_AsCoZr,198.82,900.316,12,3,155.719,82.1092,209.5043581,0.27576665,12.46659819,-2.91538,-1.17245,7.511667545,5.941784389,3.306189415,3.681823312,298.1303453,1.512163404,1.252824139,1.344838876,2.45E-06,33.04957366,24
1100413_BCuTi,35.96,122.237,3,3,149.409,87.6752,219.9938265,0.254595521,14.6810768,0.26389,-4.98444,5.644578897,6.868744554,3.941146772,4.37778348,394.8731913,0.264219201,0.855517842,0.714990289,5.39E-07,29.07910844,23.62
961646_OsTeTi,58.48,365.68,3,3,165.984,61.4814,164.1738914,0.335150887,6.96302235,-10.7385,-2.29363,10.38346713,4.886736445,2.433328137,2.730398476,209.4274047,1.460273283,0.9241631,1.131452301,1.62E-06,18.33735817,23.35
2784654_AsFeNb,185.02,894.716,12,3,189.806,96.5156,247.5819808,0.282600848,13.13336481,-3.76343,-1.45828,8.021729015,6.301098528,3.468684215,3.866021854,320.6426892,1.491228837,1.231091652,1.323497482,2.36E-06,39.63774873,23.09
2773484_AuGaTi,225.76,1258.28,12,3,119.875,46.0187,122.3941724,0.329830834,6.128684816,-2.08245,-0.36288,9.245528824,4.427444041,2.231008858,2.501618918,194.1640177,1.431730915,0.723447448,1.015973397,1.25E-06,11.89918295,23.06
1986_ZnO,24.82,81.39,2,2,109.887,44.3975,117.3837053,0.321963008,6.371431235,-23.4547,3.34257,5.445249947,5.57239532,2.855422309,3.1984676,326.4509694,1.227698857,-1.100982646,1.144780919,1.67E-06,17.50721704,22.38
2686901_CoWGa,177.89,1250.02,12,3,200.332,98.9795,254.9501386,0.287893648,12.88736227,-4.20804,-1.39339,11.6564656,5.339305578,2.913997566,3.249926652,273.0987071,1.45693642,1.085462042,1.221900081,1.95E-06,32.70934797,22.18
1100412_RuTeTi,57.45,276.55,3,3,152.216,53.6485,144.0249751,0.342301975,6.066315562,-10.1055,-2.0689,7.993411628,5.290696452,2.59067362,2.909722483,224.5078296,1.484836178,0.94108383,1.151233545,1.69E-06,17.10178922,22.12
1100422_RuTeV,55.12,279.611,3,3,160.451,43.2771,119.1214262,0.376263962,3.912122179,-10.6631,-1.34129,8.423519624,5.089025127,2.266638596,2.557532066,200.0758253,1.406365628,0.687502222,0.987114125,1.17E-06,11.35010373,21.91
2690071_RuTeHf,247.58,1628.64,12,3,137.901,49.7336,133.1893479,0.33902782,5.961515657,-2.23288,-2.11051,10.91216686,4.325991149,2.134860243,2.396727133,180.3889799,2.892671169,5.086522986,4.476344441,4.40E-05,23.04830926,21.74
2730784_MnTeV,196,933.916,12,3,162.322,47.1635,128.9969246,0.367550379,4.488146575,-2.95967,-1.24708,7.904114159,5.337821163,2.442735316,2.752945421,223.9797938,1.844816623,2.424613455,2.248024998,8.42E-06,17.76918912,21.62
1100415_RhSbZr,63.11,315.88,3,3,141.434,63.3674,165.4004612,0.305091113,8.85434939,-7.81452,-2.40274,8.311367722,5.213685229,2.761192566,3.086187801,230.7807371,1.372252017,1.029823338,1.155299068,1.70E-06,21.92347087,21.1
2784752_AsFeTa,184.19,1246.87,12,3,198.31,99.5442,255.8273478,0.284993741,13.17209359,-3.22327,-1.49701,11.22940092,5.429490238,2.9773486,3.319385663,275.7183225,1.285352085,1.21831745,1.241064704,2.02E-06,34.17871003,21.08
2719690_GeIrNb,218.35,1430.96,12,3,192.294,77.3779,204.6797505,0.322598252,8.776327384,-3.15065,-0.60205,10.87115674,5.213325,2.667906412,2.988671812,234.5616953,1.294119914,0.682785292,0.932226343,1.02E-06,22.795907,20.88
1751248_GeHfPt,233.68,1784.72,12,3,151.981,64.0511,168.4845118,0.315235115,8.294509089,-1.98464,-0.54301,12.66922375,4.328618548,2.248476191,2.51640257,193.0795162,1.166536497,0.823875079,0.951901201,1.07E-06,16.35640104,20.46
2719352_GeIrTa,217.41,1783.11,12,3,202.335,80.777,213.8702796,0.323831534,8.916960807,-3.36849,-0.61187,13.60504803,4.773722728,2.436653751,2.730055574,214.5729204,1.300432954,0.656752479,0.922636351,9.93E-07,21.62420315,20.43
1100401_BCdY,57.43,212.128,3,3,85.5399,55.3835,136.6572249,0.233735904,12.58998377,-4.9086,-2.52734,6.133490956,5.09764125,3.004943664,3.32979998,256.9499121,1.324781835,1.143697758,1.207081333,1.89E-06,20.03989917,20.17
505297_RuNbSb,59.2,315.73,3,3,172.54,66.6787,177.2084827,0.328823768,7.673020168,-10.026,-2.75015,8.856103655,5.433363606,2.743924873,3.076340896,235.0014215,1.383598042,1.054179571,1.174298752,1.77E-06,22.79767892,19.91
2713812_CrGeRh,188.54,910.048,12,3,176.453,52.9897,144.5040125,0.363510385,4.99378712,-3.16009,-0.36617,8.006860397,5.555337628,2.572554607,2.897654784,238.8225912,1.225152654,0.48475891,0.810551546,7.28E-07,13.77852233,19.75
1932053_NiSnZr,232.54,1074.5,12,3,123.603,72.6821,182.3115063,0.254170602,13.18746306,-2.07813,-0.78328,7.664965622,5.363662812,3.079346979,3.420334173,262.8648882,1.479741212,1.086351141,1.231523671,1.99E-06,27.50077931,19.6
2758215_BeAsLi,174.64,363.78,12,3,65.2377,47.9461,115.5344826,0.204837125,13.42111519,-1.07675,-0.79426,3.455385891,6.11400159,3.725017914,4.114498492,347.8822441,1.277173778,1.279848967,1.278957859,2.17E-06,19.91546277,19.54
3432_NiSbSc,56.9,225.396,3,3,98.1737,66.9429,163.6353541,0.222200966,14.94538462,-4.32888,-3.04368,6.577827593,5.33800962,3.190149369,3.530435121,273.27553,1.106408179,1.126864029,1.120086922,1.58E-06,24.78361484,19.5
2720114_GeIrV,198.34,1263.08,12,3,188.931,66.7309,179.1058254,0.342000673,6.909539091,-3.79831,-0.35856,10.56384473,5.129057791,2.513347196,2.82275943,228.7531204,1.359354033,0.366195848,0.839849626,7.93E-07,17.33596327,19.34
2686904_AsCoTi,175.63,726.94,12,3,170.103,88.8769,227.0815216,0.277505863,12.91878003,-4.74239,-1.29221,6.865960885,6.483382796,3.597856078,4.007479817,338.1959271,1.800563597,1.110104026,1.379213684,2.61E-06,37.75605989,18.96
961651_FeSeZr,49.76,226.031,3,3,140.978,69.6608,179.4289391,0.287875958,10.49464289,-30.7866,-4.77077,7.54286236,5.568125491,3.038968073,3.389296446,274.3422513,3.785427065,1.537258031,2.520303062,1.11E-05,33.26033948,18.89
1367_Mg2Si,257.03,306.78,12,12,55.6171,45.4103,107.0862689,0.17909669,14.70422566,-0.64962,-0.34617,1.981945806,7.655793366,4.786645867,5.272753816,246.8990896,1.06265647,0.81302379,0.903927383,9.45E-07,9.435945121,18.8
2678824_GaCuTi,200.6,724.596,12,3,98.1623,8.45227,24.64933264,0.458148677,0.395633371,-1.29798,0.30713,5.991926304,4.273551318,1.187690956,1.354737275,109.3724735,0.647664432,-3.811266165,3.134271248,1.87E-05,1.847737803,18.7
2687616_HfCoBi,236.62,1785.61,12,3,138.726,64.1214,166.6830065,0.299745534,9.246887047,-1.47146,-0.8539,12.51804819,4.232237459,2.263253436,2.527922252,193.1567216,1.210492635,1.408858961,1.34598905,2.46E-06,18.89792247,18.6
569685_PLiZn,190.53,413.496,12,12,55.116,50.4627,115.9892422,0.149257196,17.88332608,-1.06526,-0.60078,3.603765252,5.827895456,3.742027675,4.109692062,212.6333713,1.285895838,0.967503853,1.084074954,1.46E-06,7.906700476,18.32
1009548_PdN,21.65,120.421,2,2,201.692,48.7076,135.2364901,0.388248344,3.683634327,-25.9341,-7.99328,9.236190393,5.372946547,2.296423207,2.595405345,277.2442155,1.318905797,1.609796473,1.519034986,3.29E-06,16.97609298,18.2
1100417_RhSbV,55.44,275.597,3,3,150.131,38.019,105.1785673,0.383236898,3.368688581,-10.3924,-0.87622,8.254671831,4.932383305,2.146102392,2.423844392,189.2519054,1.429078936,0.472193335,0.91071395,9.63E-07,9.18546172,18.02
20724_Mg2Pb,83.34,255.81,3,3,36.7196,12.0898,32.68253036,0.351657197,2.342852532,-1.5502,1.20993,5.096975778,3.219751691,1.540115435,1.731959287,118.0492175,-0.216381086,-4.336941038,3.543300529,2.51E-05,4.081501657,18
2176_ZnTe,59.15,192.99,2,2,45.2592,22.758,58.47317487,0.284672969,5.567026485,-2.77588,-0.41803,5.417870315,3.735560602,2.049522752,2.28488065,174.5910068,1.13725919,0.376581301,0.725025383,5.57E-07,7.065832915,18
2725330_GeHfPd,229.24,1430.08,12,3,139.922,57.4466,151.5936262,0.319430795,7.54835418,-2.20391,-0.58807,10.34835677,4.574153895,2.356114915,2.638303454,203.731356,1.41512231,1.006676637,1.158931527,1.72E-06,16.55205391,17.96
623646_NiSnTi,52.48,225.28,3,3,135.309,67.2683,173.1168032,0.286763626,10.35583492,-8.97841,-2.948,7.128158684,5.618270483,3.071967004,3.425625745,272.4071929,1.338818095,0.983288364,1.114472357,1.56E-06,23.83501649,17.9
961678_CoScTe,55.26,231.489,3,3,86.6788,67.7541,161.2481043,0.189950899,17.65890859,-5.23051,-3.58036,6.956135392,5.044570675,3.120928198,3.441770569,269.0222634,1.394869891,1.293397695,1.328083482,2.38E-06,25.74342868,17.89
961711_PtSiZr,57.5,314.389,3,3,160.507,64.544,170.7450107,0.322702426,7.88676872,-9.04012,-2.3693,9.079209675,5.211254443,2.666268706,2.986877857,230.39415,1.25578043,0.888696729,1.025759595,1.28E-06,20.06938981,17.87
2712495_AsRhTi,203.66,902.832,12,3,158.497,55.4013,148.8596814,0.343467404,6.121852952,-2.8134,-0.50304,7.353645063,5.621269385,2.744786985,3.083295867,247.6717944,1.360186899,0.757942741,0.999843788,1.20E-06,17.01282364,17.74
1752827_NbAlPt,223.47,1259.88,12,3,162.559,65.8847,174.1293853,0.321470579,8.055899296,-2.57105,0.04784,9.352148891,5.174471786,2.654217939,2.972899846,231.5281483,0.952115986,-0.247799348,0.585757027,3.34E-07,16.15224923,17.71
2785994_PbNiHf,237.69,1777.52,12,3,117.57,65.4144,165.5414969,0.26532917,11.62223948,-1.75924,-0.74035,12.4052364,4.063039105,2.296329255,2.553997998,194.8558783,1.427131926,1.17840255,1.266750524,2.13E-06,18.87844406,17.66
1138_LiF,16.78,26.008,2,2,49.0084,51.7367,114.8097095,0.109557717,21.43533341,29.7424,-7.83684,2.573733338,6.770832239,4.483504272,4.905581776,570.4748027,-1.538560086,1.104212373,1.265666763,2.12E-06,27.27577512,17.6
2720183_AsIrTi,208.7,1260.09,12,3,173.338,62.1544,166.5557156,0.339854585,6.746327469,-2.92369,-0.46531,10.01568312,5.057759825,2.491125753,2.797001119,222.8512563,1.276783679,0.61453464,0.891717857,9.15E-07,16.65880561,16.92
961671_PtGeTi,53.51,315.57,3,3,151.795,62.4786,164.8222655,0.31902976,7.951831575,-10.9997,-1.89482,9.792854615,4.899722413,2.525869979,2.828242291,223.4506184,1.372643528,0.644745707,0.951410235,1.07E-06,17.41048822,16.9
2788357_NiGeZr,218.45,890.096,12,3,115.677,11.0064,32.00415933,0.453888616,0.518941584,-1.59864,0.05654,6.759059351,4.39153201,1.276084743,1.454827451,114.1626568,1.109701092,-0.727756714,0.87382229,8.72E-07,1.593287855,16.78
2711933_AsRhZr,226.81,1076.21,12,3,150.299,59.5222,157.7431731,0.325078485,7.388443726,-2.15057,-0.60769,7.871115481,5.401649073,2.749928141,3.081555044,238.8063074,1.295361303,0.991138059,1.101918057,1.52E-06,19.59053691,16.73
1100402_BHgY,57.42,300.307,3,3,91.4288,54.394,136.1766729,0.251761894,11.28378655,-5.59552,-3.10079,8.684619901,4.344959945,2.502649849,2.778989837,214.4581203,1.537136798,1.469978568,1.492700407,3.15E-06,17.95616181,16.64
1093990_IrAsZr,58.23,358.366,3,3,155.64,62.4324,165.2071637,0.323088362,7.712457233,-12.0166,-3.16246,10.21947433,4.834800133,2.471671424,2.769020625,212.6933247,1.811831638,1.308128839,1.495006801,3.16E-06,21.01382036,16.04
1239_IrSb3,413.9,2229.88,16,16,95.9234,60.4712,149.9116072,0.239528959,12.84683144,-0.85685,-0.34319,8.946117831,4.44240965,2.59990205,2.882880411,115.1696599,1.374087229,1.007829135,1.143030306,1.66E-06,6.721971036,16
672_CdS,104.76,288.954,4,4,53.346,15.3087,41.91650708,0.369042018,2.290274602,-1.83557,0.35532,4.580171807,4.012938498,1.828219225,2.060809784,130.1515497,0.800441913,-1.382423824,1.219685549,1.94E-06,3.264476279,16
408_Mg2Ge,66.18,121.22,3,3,50.8624,41.9597,98.7296092,0.176481352,14.21073365,-2.43326,-1.44816,3.041557737,5.925912224,3.714224537,4.090319603,301.0636033,1.185371488,0.975372347,1.050048887,1.35E-06,18.26501459,15.7
1541_BeSe,34.82,87.973,2,2,74.7232,55.0957,132.6779342,0.20406796,14.6133127,-6.27199,-2.03282,4.195359521,5.943144099,3.623883777,4.002457045,364.916659,0.888668143,0.475695554,0.643506951,4.18E-07,23.4998389,15.6
31454_RuSbTa,58.84,403.768,3,3,180.17,69.8949,185.6745862,0.328241303,7.922884539,-11.1159,-2.86364,11.39482817,4.897970155,2.476674049,2.776500808,212.5283393,1.440575382,1.038690073,1.187856833,1.82E-06,21.62006087,15.58
2721487_CrGeIr,192.66,1267.3,12,3,195.077,60.6707,164.9153784,0.359102322,5.631408746,-3.73472,-0.3337,10.91162265,5.029065177,2.358005608,2.654401914,217.2031368,1.292275094,0.363166037,0.802860315,7.11E-07,14.48314721,15.57
31455_RuSbV,54.8,273.761,3,3,163.479,45.933,125.9983373,0.371544829,4.249213294,-11.0338,-1.90386,8.295442708,5.204799184,2.353112124,2.653388375,207.9779223,1.488172722,0.969025842,1.168001172,1.75E-06,13.32514991,15.43
2713294_NbRhSi,205.41,895.604,12,3,188.739,77.44,204.3689938,0.31953121,8.982682403,-3.14478,-0.73006,7.232624225,6.353861932,3.272161431,3.664111439,293.4887167,1.28186125,0.801577294,0.987964335,1.17E-06,28.02801494,15.3
30847_PtSnTi,60.11,361.67,3,3,138.806,57.3259,151.1673499,0.318490856,7.591334935,-8.96598,-1.74368,9.991123018,4.641462827,2.395346182,2.681905563,203.8314393,1.409930425,0.747515272,1.017425176,1.26E-06,16.17288695,15.09
23703_LiH,16.13,8.01,2,2,36.9929,43.2182,93.31509879,0.079581042,21.72333539,-5.35167,-5.19188,0.824606392,10.71177942,7.239523614,7.900007955,930.8777976,0.879562451,0.802196271,0.828787834,7.68E-07,30.40903159,15
1100405_RhScTe,62.39,275.462,3,3,108.02,47.0093,123.1616339,0.309970941,7.186420984,-7.94261,-2.10266,7.331540853,4.825229161,2.532178183,2.831987235,212.5835045,1.797177447,1.228641894,1.44325657,2.91E-06,16.27184218,14.87
36111_PLiMg,48.13,62.289,3,3,56.2919,27.3953,70.71447841,0.290631576,5.972137117,-3.67,-3.29806,2.149037754,6.571981648,3.57039288,3.983351521,326.0267831,1.924956509,2.730465831,2.491073722,1.08E-05,15.14272228,14.83
2719737_AsIrV,199.56,1272.33,12,3,175.117,52.1657,142.3610919,0.364508593,4.901698774,-0.86293,-0.50294,10.57615317,4.809806659,2.220898209,2.501898735,202.3369311,0.458720593,0.795332371,0.701315845,5.14E-07,11.26714986,14.81
2720123_SbIrHf,252.51,1969.84,12,3,161.71,73.1931,190.7936566,0.303358217,9.748840115,-2.36518,-0.63829,12.94058262,4.476360073,2.378253562,2.657589441,198.7123954,1.39933521,0.934356571,1.111183068,1.55E-06,21.48379818,14.66
24864_CoO,41.43,149.866,4,4,186.295,16.6617,48.53806409,0.456575982,0.615193847,-16.078,3.35322,6.00671091,5.891768899,1.665487164,1.899382939,163.4246214,0.986463359,-4.335626155,3.585545903,2.58E-05,3.787119376,14.46
30459_NiBiSc,60.94,312.626,3,3,87.4109,53.5513,133.4098813,0.245626916,11.57149934,-4.34668,-2.59462,8.518658182,4.317744378,2.507260236,2.782115347,210.4832695,1.331035981,1.309638697,1.316809758,2.33E-06,17.14478927,14.34
1765032_SiLiIn,254.24,599.66,12,3,45.3804,21.8919,56.57782204,0.292209037,5.18431673,-2.0585,-0.59644,3.912574861,4.365656653,2.365431619,2.639542857,196.9143446,4.698172674,3.296689771,3.821393872,3.01E-05,10.45418272,14.27
2686085_GeCoTa,196.49,1249.96,12,3,164.787,5.03771,14.96067553,0.484868673,0.087026065,-3.37325,-0.23678,10.5525428,4.031424196,0.690936317,0.790262129,64.24228048,1.946529879,4.450997133,3.804021097,2.98E-05,0.693137464,14.19
3595_ZnSiAs2,178.05,486.638,8,8,62.3103,42.1308,103.145332,0.224108395,11.28671253,-1.41151,-0.24712,4.538502601,5.109458102,3.046797275,3.372510861,178.4771532,1.141458532,0.355513259,0.720117336,5.48E-07,6.851820429,14
643_ThO2,44.32,264.039,3,3,189.641,91.7845,237.1018027,0.291622238,12.03675669,-13.6218,-4.99458,9.892746391,5.616076441,3.045974305,3.398698613,285.92755,1.273727533,1.039200259,1.122832161,1.59E-06,30.62715816,14
961682_PdSnTi,59.6,273.01,3,3,115.753,48.9219,128.6425222,0.314774387,7.108460844,-9.06794,-1.76232,7.606429483,4.877839541,2.536069997,2.838096631,216.3158575,1.713338439,0.90682263,1.23560824,2.00E-06,15.726154,13.98
2726005_TaPdIn,241.91,1608.75,12,3,143.012,58.2976,153.9711346,0.320561521,7.550246493,-2.20953,-0.5244,11.03154137,4.473263885,2.298832027,2.574538917,195.2741624,1.427163346,0.921350713,1.115731373,1.57E-06,16.44104792,13.92
961713_PtSnZr,65.67,405.014,3,3,140.022,64.6175,168.0082864,0.30002156,9.271390382,-7.72313,-2.16129,10.24121698,4.699482493,2.511882337,2.805724343,207.0455627,1.372869554,0.931580049,1.098552622,1.51E-06,20.15873681,13.77
19991_AsMgLi,238.81,424.948,12,3,45.5018,36.8526,87.05532316,0.181128647,12.89104529,-0.61932,-0.25462,2.95178513,5.66228576,3.533390983,3.893043526,296.552566,1.043062831,0.658319931,0.807207188,7.21E-07,13.30610874,13.65
1751926_TaPtIn,245.2,1963.39,12,3,162.953,67.4847,177.8963415,0.318049436,8.378617673,-2.49606,-0.60883,13.28273684,4.363737521,2.254025768,2.523534014,190.5456055,1.436686822,0.939399716,1.129751105,1.61E-06,18.82065524,13.63
1764992_SrSiCd,338.67,912.464,12,3,38.9743,16.1689,42.6137751,0.317769765,3.639599449,-0.38637,-0.27348,4.469309914,3.68023258,1.90204156,2.129386593,144.3750682,1.934214316,2.697457411,2.469395202,1.05E-05,5.793137051,13.5
2720984_IrSnTa,240.6,1967.51,12,3,185.537,77.5286,204.1503396,0.316613093,9.182733553,-2.76201,-0.71064,13.5650933,4.614968512,2.390669706,2.676017309,203.3388237,1.377962552,0.936023076,1.103186172,1.53E-06,22.55973952,13.42
2772255_ScAlHg,267.77,1090.11,12,3,63.7072,22.7275,60.93618581,0.340582682,3.722867713,-0.85184,0.02627,6.753203932,3.731069389,1.834513453,2.059966037,151.0437236,0.996597164,-0.321420113,0.632410122,4.01E-07,4.249757662,13.42
2786722_ScNiAs,197.77,714.272,12,3,117.597,68.4341,171.9479768,0.25630334,12.57678784,-2.19021,-1.03259,5.991073834,5.904145765,3.379745077,3.754941857,304.5881537,1.522273667,1.325391564,1.39411175,2.67E-06,28.31647827,13.32
2712075_PbNbRh,247.86,1612.06,12,3,144.214,52.0323,139.3390881,0.33896722,6.124215542,-2.41665,-0.5498,10.78887636,4.449413379,2.196081248,2.465437749,185.4905644,1.660870463,1.14284135,1.337991455,2.42E-06,15.3083268,13.27
961665_GaMgSc,67.81,138.984,3,3,55.9048,36.3742,89.67395232,0.232658757,9.901638266,-2.50519,-0.60607,3.403451847,5.538577144,3.269165597,3.622142481,264.4503915,0.909318529,0.398261314,0.617544691,3.79E-07,11.57110999,13.25
1100408_RhSnTa,58.99,402.564,3,3,170.426,69.8174,184.2869551,0.319778129,8.438967101,-10.3572,-2.82208,11.33196141,4.822262434,2.482157255,2.779567355,212.5825781,1.413764215,1.025546873,1.169361939,1.75E-06,21.45531899,12.98
7173_PtSbSc,64.71,361.786,3,3,116.193,55.3793,143.3617852,0.294362562,8.797195276,-7.41194,-2.06203,9.283866897,4.524274981,2.442357749,2.726119661,202.1611569,1.563406045,1.038061104,1.238194946,2.01E-06,17.49828406,12.89
569779_PdSbSc,64.34,273.126,3,3,98.4356,47.0832,121.8258926,0.293729957,8.033812855,-5.83096,-1.79252,7.049049106,4.782280342,2.584447521,2.884488775,214.3146045,1.473826426,1.058087989,1.212609407,1.91E-06,15.57799712,12.75
2730962_MnTeZr,231.73,1095.05,12,3,129.307,61.4833,159.215187,0.294784006,9.326121002,-2.55468,-0.82177,7.838864321,5.191674849,2.800605974,3.126156031,240.5358569,1.835136775,1.381955171,1.547829359,3.44E-06,23.50284122,12.52
1100421_RhSnV,55.18,272.557,3,3,147.19,45.2034,123.0169849,0.360705002,4.671298953,-10.1776,-1.75972,8.202083616,5.029286154,2.347596507,2.64325954,206.7073133,1.498869911,0.907382515,1.139195194,1.65E-06,12.92516447,12.37
2774050_HfAuAl,245.57,1609.75,12,3,127.911,60.3474,156.4398396,0.29616056,9.1412069,-1.83572,-0.46418,10.87388118,4.377535545,2.355792258,2.630091539,198.4917026,1.279728018,0.777770729,0.974261843,1.13E-06,16.44798241,12.14
2472_SrO,35.28,103.62,2,2,86.8243,55.6551,137.5706546,0.235921367,12.47903215,-8.47633,-3.94561,4.877121328,5.746098944,3.378086017,3.744214874,339.8817439,1.338155746,1.08390265,1.174783769,1.77E-06,28.57737719,12
2721250_IrSnV,224.77,1447.48,12,3,165.019,50.9726,138.642717,0.359972976,5.0453504,-2.94973,-0.50644,10.68256849,4.670074154,2.184391864,2.459255915,191.1558261,1.581935955,0.949938321,1.198233004,1.86E-06,13.93271467,11.91
9124_AsLiZn,53.42,147.322,3,3,54.8071,40.6159,97.71084094,0.202864407,12.29851104,-3.25356,-1.83367,4.579438917,4.877875002,2.978118026,3.288803302,259.98395,1.23020748,1.039199157,1.106538178,1.54E-06,13.59168194,11.8
2761660_RuTeZr,251.69,1279.58,12,3,143.8,61.2852,160.9857691,0.313414732,8.189571719,-1.91043,-0.66612,8.433404712,5.171123355,2.695729633,3.016240583,225.7739971,1.395050935,1.201165557,1.269089503,2.13E-06,21.56283446,11.76
1100424_SbLiMg,73.59,153.065,3,3,35.9128,11.1199,30.2387019,0.35966609,2.076325323,-1.5126,-0.55151,3.453867247,3.832830006,1.79431059,2.020006186,143.5124894,1.463492663,1.65824277,1.59596877,3.70E-06,3.059880483,11.68
2711763_PbRhTa,246.02,1964.22,12,3,152.821,55.0598,147.4689016,0.339170335,6.319760454,-2.2614,-0.61297,13.24406106,4.133028633,2.038950712,2.289096573,172.6515865,1.50730787,1.202779639,1.312165479,2.31E-06,14.88738445,11.66
9437_FeNbSb,52.79,270.507,3,3,167.176,83.0428,213.7377854,0.286913407,11.70284573,-11.4462,-4.41449,8.508938684,5.714870162,3.124016327,3.483732038,276.484499,1.47954962,1.236470794,1.32247081,2.36E-06,32.10752266,11.63
961693_AuInZr,68.84,403.01,3,3,109.793,50.3493,131.0200116,0.301110557,7.953460614,-6.09005,-1.51439,9.721281272,4.266122664,2.275804564,2.54238101,184.6872642,1.410946983,0.868606988,1.080081415,1.45E-06,14.36484917,11.58
2730867_AsMnNb,190.79,891.08,12,3,175.167,67.131,178.5800006,0.330085956,7.62853044,-3.76804,-0.77516,7.747517178,5.844874452,2.9436101,3.300766091,270.9730769,1.563936375,0.934857044,1.182344052,1.80E-06,23.00960562,11.5
11869_PdHfSn,63.82,403.62,3,3,123.978,60.6409,156.4197033,0.289721156,9.562478644,-7.38916,-2.26976,10.50181652,4.416388344,2.402982489,2.68061144,199.7061929,1.455921368,1.027709433,1.187726173,1.82E-06,18.42315538,11.35
31451_CoBiZr,60.21,359.137,3,3,140.394,63.5124,165.5699735,0.303446048,8.967035819,-5.05889,-3.20417,9.904671391,4.767006193,2.532265431,2.829722292,214.946745,1.081408515,1.352116088,1.268316497,2.13E-06,20.5799561,11.14
2343_Mg2Sn,79.58,167.32,3,3,41.9861,21.6065,55.32860158,0.28036937,5.548711942,-1.52149,2.57837,3.491342614,4.503024841,2.487688373,2.771890868,191.8601363,-1.243738314,-4.914929564,4.076761388,3.51E-05,11.93685532,11.1
2894_AuScSn,68.43,360.632,3,3,91.7316,46.834,120.0682044,0.281848704,8.644060522,-5.66473,-1.70635,8.751172983,4.197363361,2.313382743,2.578141468,187.6583227,1.595350634,1.079922675,1.275096025,2.16E-06,14.38174154,11.05
961673_FeTeTi,50.72,231.327,3,3,117.198,74.2556,183.9228457,0.238444277,14.57213304,-27.7403,-4.45376,7.573482547,5.343004265,3.131243137,3.471621116,279.2217034,3.7836982,1.354395093,2.448478725,1.03E-05,35.70249238,11.02
3668_CdGeP2,185.92,493.938,8,8,65.3051,35.4631,90.08313493,0.270096733,7.895870061,-1.29574,-0.1294,4.411587285,5.051856349,2.835247069,3.155199645,164.5867009,1.045622333,0.172531655,0.619908705,3.82E-07,5.211227366,11
4008_ZnGeAs2,189.3,575.688,8,8,54.1355,31.8645,79.91417019,0.253968683,8.150042103,-0.22847,-0.31666,5.049927126,4.37415665,2.511950046,2.790040944,144.6672762,0.470739889,0.773937109,0.687884036,4.91E-07,4.325781012,11
2725249_ScAsPd,232.32,905.192,12,3,102.237,23.2898,64.93836846,0.394137529,2.23441804,-1.45842,-0.2374,6.463318649,4.541205015,1.898257374,2.147136839,165.0672008,1.380174627,1.017387469,1.151091732,1.69E-06,5.582052879,10.85
11520_NiSbY,64.42,269.346,3,3,119.204,57.217,147.9753282,0.293106316,9.04120355,-5.30822,-2.65362,6.942859201,5.306361055,2.870736708,3.203764003,237.9378556,1.290886361,1.327174328,1.315189592,2.33E-06,21.72606289,10.81
961658_FeSeV,42.34,185.748,3,3,159.81,46.0685,126.0895376,0.368500576,4.386190787,-8.35658,-1.40898,7.284870581,5.510812944,2.514728568,2.834448942,242.1186738,0.812744068,0.480806262,0.611801232,3.70E-07,10.10607235,10.15
1017439_SrSiO3,50.48,163.705,5,5,202.534,145.306,351.7888622,0.210510447,24.9594512,-13.873,-9.99847,5.385067434,8.578333908,5.194529306,5.741200447,462.4940968,1.566058805,1.570091504,1.568748423,3.55E-06,57.56207212,10.1
2724532_PbHfPd,266.4,1968.44,12,3,112.945,49.8173,130.2952138,0.307730586,7.552275436,-1.75661,-0.4474,12.25714774,3.825408805,2.016022536,2.254071005,165.5589953,1.580794282,1.029578011,1.240829336,2.02E-06,13.21015499,10.1
1764412_ScNaSi,285.28,384.124,12,3,48.8586,25.8756,65.97922842,0.274931372,6.376637177,-0.54473,-0.14146,2.233580331,6.109089698,3.403646327,3.789966567,272.0872555,1.088189931,0.613135711,0.803332253,7.12E-07,9.8380709,10.05
1317_CoSb3,377.98,1696.732,16,16,55.8466,58.1543,129.5092755,0.113496986,22.58837184,-35.6923,-0.40465,7.454061611,4.230172648,2.793151081,3.05720013,125.8860273,51.16909041,1.148365988,29.55736401,4.06E-03,23.70399967,10
962063_TlLaMg,92.35,367.585,3,3,33.1743,17.216,44.03124185,0.27878839,4.906287948,1.33421,-0.88563,6.609512515,2.914129242,1.613917803,1.797948424,118.4244916,-0.292837879,2.208679828,1.811287497,5.01E-06,4.684885438,9.98
1100435_BCuZr,42.42,165.581,3,3,145.305,65.6226,171.1090595,0.303735752,9.122009442,-23.0633,-3.61169,6.481691924,5.993064812,3.181870676,3.555765693,303.5425046,2.373310199,1.000674233,1.595336865,3.70E-06,26.06215616,9.92
961712_PtTaTl,63.14,580.408,3,3,156.072,51.5356,139.2768728,0.351268568,5.490199508,-11.6514,-1.90213,15.26431643,3.837479586,1.837447707,2.066220354,154.4845465,1.825901485,0.998552019,1.33268257,2.40E-06,12.79553069,9.88
2724736_PbPdTi,250.59,1446,12,3,106.963,37.3007,100.2489825,0.343794922,4.843842532,-1.65117,-0.3992,9.572073318,4.046016991,1.974037883,2.21758908,166.235239,1.579207419,1.174266989,1.323090069,2.36E-06,9.875494601,9.86
1758909_ScMgTl,311.68,1094.56,12,3,46.274,29.6041,73.20184408,0.236346386,8.606135409,-0.55843,-0.12715,5.825485123,3.836553191,2.254290509,2.498739843,174.1731982,1.156376151,0.502668189,0.783699862,6.71E-07,7.499146737,9.81
252_BeTe,45.67,136.613,2,2,58.7382,41.0667,99.91497815,0.216496311,11.56291846,-3.77744,-0.77574,4.967176189,4.780037307,2.875346053,3.180037834,264.8694577,0.801461457,0.264680943,0.510702937,2.40E-07,13.92629862,9.77
2741_CaF2,41.62,78.074,3,3,94.4419,44.3896,115.1308574,0.296822425,7.604415522,-7.60244,-2.2898,3.114963073,7.022775481,3.774975736,4.214870799,362.0985956,1.276696819,0.906799596,1.044752887,1.34E-06,17.49999815,9.76
1750444_PbHfPt,269.61,2323.08,12,3,129.232,55.8066,146.3531145,0.311252741,7.873361349,-1.65541,-0.52034,14.29320521,3.774570859,1.975959175,2.210276387,161.6954682,1.388441429,1.09025337,1.197925209,1.86E-06,14.37825516,9.55
570213_BiLiMg,80.14,240.295,3,3,32.2969,21.5458,52.87865592,0.227122129,7.505216413,-1.2205,-0.47299,4.979020842,3.500907347,2.080220347,2.303382412,159.0594707,1.048837795,0.712980842,0.839988905,7.93E-07,5.205085202,9.43
1100392_BLiSi,31.43,45.906,3,3,116.208,132.253,287.6405185,0.087463114,40.52943536,-10.9716,-10.4121,2.425345529,10.98271661,7.384412629,8.063643221,760.7228175,1.168466222,1.07055405,1.10415658,1.53E-06,88.82883658,9.39
1759721_ScTlCd,307.94,1446.99,12,3,52.698,19.535,52.1598324,0.335035383,3.563759633,-0.61955,-0.16916,7.794726547,3.178411566,1.583092407,1.77633539,124.3176703,1.485756783,1.166610282,1.281851827,2.19E-06,4.371384455,9.32
3161_SiAlLi,52.36,62.076,3,3,62.6289,54.9057,127.4675499,0.160786128,17.85797016,-3.76988,-2.04007,1.968668692,8.306573727,5.281075776,5.806576704,462.0938842,1.084156948,0.806074462,0.908278291,9.56E-07,29.5175539,9.26
961685_AsCaNa,84.12,137.99,3,3,34.244,22.158,54.6801743,0.233869805,7.361600978,-1.26333,-0.36804,2.723935996,4.83917183,2.852113666,3.160496125,214.749473,0.989904209,0.531941619,0.717828697,5.44E-07,7.020437586,9.19
1750365_VPtIn,231.68,1443.36,12,3,140.172,40.0194,109.625436,0.369653668,3.994120523,-2.15339,-0.38069,10.33445505,4.32744647,1.967847758,2.218387559,170.7016959,1.426087045,0.935277131,1.122973862,1.59E-06,9.737862773,9.17
2693883_NaGeAl,259.25,490.324,12,3,34.8099,30.0259,69.96203347,0.165028084,12.30958149,-1.03631,-0.74908,3.137370769,4.884238126,3.09360666,3.402888985,252.2153159,3.357946525,3.067191269,3.167076961,1.92E-05,16.77087334,8.95
1758922_YMgTl,339.89,1270.36,12,3,37.6785,4.69412,13.52086759,0.440191942,0.432093842,-0.39815,-0.1312,6.19997421,2.662084722,0.870126013,0.990315142,67.06416989,2.049959935,4.583272406,3.924924952,3.21E-05,0.974149792,8.92
2695005_ScNaGe,287.48,562.224,12,3,40.6512,8.12168,22.8437282,0.406342543,1.034767217,-0.43368,-0.09841,3.244167014,3.983530227,1.582236267,1.792678222,128.3698578,1.410598281,1.575023895,1.522190094,3.30E-06,1.957728049,8.91
2687722_CoSnTa,210.82,1434.36,12,3,162.1,85.2687,217.6440145,0.276224538,12.70924318,-2.27147,-1.08341,11.28620193,4.943295917,2.748659306,3.061120404,243.0746891,1.253627921,1.17265536,1.200253328,1.87E-06,27.80706012,8.77
1839533_PLiCd,210.38,601.58,12,3,53.192,9.13356,25.91726818,0.418793339,0.928353015,-1.2713,-0.92178,4.743407088,3.712310631,1.387633717,1.574853498,125.1416678,3.856745338,10.44935142,8.817640935,2.24E-04,3.53020193,8.73
2774895_PbScAu,298.6,1796.49,12,3,66.1922,4.95822,14.51230511,0.463459176,0.246027009,-0.81017,-0.37509,9.98013602,2.700889925,0.704846693,0.804472077,56.88236393,2.520391107,11.12789812,9.201677462,2.48E-04,1.131743135,8.72
2730961_AsMnTa,189.82,1243.23,12,3,179.902,70.8575,187.9029023,0.325921055,8.129521974,-3.48686,-1.06038,10.86453071,5.025388998,2.553803199,2.862094652,235.3603307,1.528528673,1.253658151,1.351507482,2.48E-06,22.15423969,8.59
2773467_AuZrGa,249.91,1431.65,12,3,119.397,47.9653,126.9024174,0.322856496,6.621781943,-1.76762,-0.39519,9.502867694,4.392522394,2.246654248,2.516856954,188.8399679,1.397080805,0.862847721,1.070957073,1.42E-06,13.15891854,8.56
1751130_GePtV,204.86,1274.52,12,3,163.33,49.9501,135.9875818,0.36123433,4.928038992,-3.01099,-0.46628,10.32026731,4.720113833,2.200000137,2.477252634,198.6008818,1.451638486,0.789508804,1.057339838,1.38E-06,12.68800417,8.54
10760_MgSe,41.75,103.265,2,2,61.7587,42.0135,102.7424584,0.222731484,11.349079,-4.66321,-2.95461,4.107194008,5.354970491,3.198319327,3.539686164,303.7776823,1.358092931,1.301372981,1.32055035,2.35E-06,22.53774288,8.51
2731933_TeMnHf,227.16,1444.11,12,3,131.645,62.5295,161.9475702,0.294969336,9.40710479,-2.23251,-0.92181,10.54556554,4.515461408,2.435048078,2.71816803,210.5372486,1.661868627,1.507729895,1.560801739,3.51E-06,20.71573746,8.51
2772125_LaAlHg,335.8,1465.88,12,3,46.9806,11.2753,31.32028683,0.38888929,1.553710524,-0.52471,-0.42879,7.241344137,2.926418583,1.247827232,1.410411928,95.89935168,2.801850241,6.218426502,5.328790391,6.68E-05,3.699321448,8.49
2687991_CoSnV,194.8,914.336,12,3,150.468,53.8715,144.3834735,0.340072891,6.193776169,-2.61987,-0.8238,7.786070407,5.343272362,2.630391369,2.953452565,240.7854715,1.462505302,1.322768749,1.370931081,2.57E-06,17.69823822,8.47
3448_KMgF3,66.6,120.397,5,5,69.1705,46.8995,114.7613774,0.223481886,12.05654131,-3.85951,-2.11819,3.001856894,6.623737553,3.952656863,4.374903413,321.3317645,1.52326475,1.337309431,1.402037628,2.71E-06,14.88791513,8.25
1100391_BeNaSb,60.5,153.753,3,3,47.2759,33.9207,82.12128583,0.210489256,10.65778998,-2.54025,-2.49543,4.220041986,4.681884511,2.835136786,3.133498711,237.640794,1.752088543,2.058722476,1.961843583,6.07E-06,14.19862238,8.22
2695221_YNaGe,330.39,738.024,12,3,36.1426,0.40658,1.215183334,0.494396348,0.006197243,-0.33904,-0.00692,3.705484924,3.146443952,0.331245876,0.379108164,25.91696258,1.401613885,2.644955646,2.306230852,8.95E-06,0.026156926,8.06
1750651_PbPtTi,253.53,1800.64,12,3,122.685,42.5268,114.3660146,0.344634614,5.193343225,-1.93851,-0.32228,11.78145684,3.902082698,1.899904861,2.134549747,159.3895183,1.50684544,0.793994004,1.084963308,1.47E-06,10.05186918,7.77
2712484_TeRhLa,309.18,1477.62,12,3,86.6228,32.701,87.13785394,0.332342343,4.921017561,-1.17506,-0.38322,7.927802596,4.052932064,2.030972781,2.278074626,159.2187019,1.834819733,1.644959271,1.710589125,4.37E-06,10.5390989,7.69
406_CdTe,72.83,240.011,2,2,35.8159,14.3805,38.04911301,0.32294124,3.270804415,-1.48973,-0.01592,5.47229353,3.169981828,1.621071987,1.816056697,129.4700251,0.833907748,-0.12635327,0.492386173,2.20E-07,3.290043602,7.5
1765073_CaSiMg,291.13,369.872,12,3,41.4716,16.8278,44.46875174,0.321288337,3.630275251,-5.09599,-0.13804,2.107492098,5.506769534,2.825730202,3.164929696,225.6827387,11.85970703,1.027416493,6.898401268,1.24E-04,12.86113229,7.47
22862_NaCl,45.11,58.443,2,2,23.8895,15.2294,37.68105744,0.237115626,5.80946364,-2.0392,-1.02555,2.151335888,4.532462918,2.660647166,2.949420342,246.6734047,1.571883521,1.352190297,1.429178669,2.84E-06,7.233141034,7.1
23193_KCl,66.02,74.551,2,2,16.2372,9.93989,24.76601766,0.245789323,4.316548567,-0.99013,-0.4064,1.875108927,3.965765065,2.302382833,2.554826738,188.1970791,1.548170461,1.182972414,1.316014088,2.33E-06,4.501152306,7.1
30560_CoNbSn,53.05,270.553,3,3,153.224,79.5227,203.3830742,0.278773697,12.01045762,-10.5864,-4.15914,8.468675925,5.5329303,3.064346007,3.413758826,270.4877735,1.483833375,1.220625119,1.314231442,2.32E-06,30.04254808,7.08
1752668_SbPtLa,323.13,1822.92,12,3,78.3413,25.0875,68.00350263,0.35532641,3.476229987,-0.98302,-0.64452,9.358188499,3.456273558,1.637317103,1.842181659,126.8732185,2.496010346,3.98408067,3.557895689,2.53E-05,8.948134528,7.05
962059_SiMgSr,94.37,140.01,3,3,24.8963,10.4755,27.56093762,0.315495089,2.870509414,-0.83261,-0.42671,2.463619589,3.971777175,2.062056479,2.307846907,150.9172711,1.534987184,1.755371551,1.685115646,4.22E-06,3.613950812,6.95
2469_CdS,52.42,144.477,2,2,51.658,19.2209,51.30011998,0.334487979,3.545535964,-3.57277,0.48107,4.576676827,4.109366889,2.049329238,2.299317383,182.9124147,0.827441468,-0.822663249,0.824259066,7.58E-07,6.150201695,6.91
1100440_SnNaSc,85.23,186.656,3,3,33.8014,8.66744,23.95480305,0.381884562,1.439377937,-1.41544,-0.25007,3.636620767,3.531651793,1.543819118,1.743291736,117.9367551,1.476438737,1.062846667,1.216437068,1.93E-06,1.950895642,6.91
30460_NiBiY,68.53,356.576,3,3,115.78,49.0852,129.0224741,0.314270637,7.148204838,-6.42589,-2.63555,8.640123001,4.579851624,2.383500898,2.667184006,194.0450939,1.71270418,1.673136792,1.686429074,4.22E-06,17.59073808,6.8
1008223_CaSe,71.62,119.038,2,2,31.8104,7.21607,20.12634781,0.394550483,1.120319532,-1.40384,0.4854,2.759941349,3.874512926,1.61696434,1.829067354,131.1278253,0.487305909,-2.57548116,2.121608938,7.33E-06,3.023758344,6.78
2757090_PbCaMg,368.9,1086.33,12,3,41.5017,11.9224,32.64150419,0.368914991,1.981121821,1.44704,-0.14196,4.884887627,3.427851299,1.562264468,1.760989054,116.0424887,-4.208495457,2.029579223,2.941077901,1.60E-05,3.951619427,6.71
2744251_NaTiSb,300.56,770.48,12,3,47.4736,9.59493,26.96795141,0.405322989,1.156283528,-0.51638,-0.01965,4.252375893,3.764639429,1.502121567,1.701670947,120.05911,1.186298287,0.141100248,0.694531541,5.02E-07,1.627544193,6.63
5229_SrTiO3,61.58,183.5,5,5,181.364,110.234,274.9887863,0.247295691,17.48996921,-9.9204,-5.00836,4.948173649,8.145939766,4.719927386,5.238360136,394.934788,1.389813926,1.232242966,1.286912093,2.21E-06,39.65889712,6.44
556891_KFeF3,64.86,151.939,5,5,88.785,45.4345,116.4411205,0.281417431,8.515000179,-5.56483,-2.14317,3.889921772,6.196593664,3.417609536,3.808540831,282.2124921,1.662003549,1.363074017,1.469489407,3.03E-06,12.85539121,6.37
961645_GeAlLi,54.68,106.601,3,3,56.912,49.9296,115.8963634,0.160597755,16.90674242,-3.45854,-1.97872,3.237287878,6.176125194,3.927248504,4.317953611,338.6973013,1.183195206,0.916822983,1.013423185,1.24E-06,21.15764448,6.36
2695692_ScGeAg,250.11,901.736,12,3,77.0593,36.1836,93.85998353,0.296996202,6.739580094,-1.231,-0.26764,5.980669616,4.577282689,2.459693429,2.746379829,206.0061465,1.418030072,0.758330299,1.026472758,1.28E-06,10.5819956,6.19
962078_SiCaCd,74.11,180.574,3,3,55.0899,16.5213,45.05949626,0.363678895,2.521409448,-2.22423,-0.95542,4.046010014,4.365814179,2.020731596,2.276148728,161.3311754,1.51416603,1.976208779,1.835165845,5.17E-06,5.435611862,6.12
1765084_ScSiAg,235.8,723.636,12,3,93.8084,27.9932,76.38193374,0.364294431,3.412592195,-0.24859,-0.22166,5.090703737,5.075356287,2.344970383,2.641592161,202.0758573,0.322560882,0.766906987,0.653283546,4.34E-07,6.559705503,6.11
1100420_SbCaNa,89.27,184.818,3,3,29.3422,9.51882,25.76982171,0.353624804,2.002059287,-1.06991,-0.73621,3.437852818,3.496685024,1.663979293,1.871749243,124.6873573,2.011803884,3.285518935,2.9232758,1.58E-05,3.29203773,5.92
962066_TeLiNa,82.67,157.6,3,3,22.8497,8.78234,23.35485423,0.329648717,2.329033794,-0.81472,-0.11201,3.165605732,3.304115571,1.665623008,1.867609804,127.6380317,0.986408784,0.360520091,0.641080276,4.14E-07,1.599765737,5.68
2788400_YNiAs,227.44,890.072,12,3,95.4874,48.2367,123.854526,0.283820473,8.686018788,-1.13065,-0.79107,6.491719589,4.961495342,2.725893716,3.038602477,235.260059,1.388528325,1.698313326,1.601722741,3.73E-06,18.00765134,5.62
3834_BaZrO3,76.79,276.551,5,5,158.713,94.6593,236.8839454,0.251244967,15.6487604,-7.35421,-3.16463,5.980246888,6.902493819,3.978524963,4.417561597,309.4266085,1.392944556,1.116946976,1.21592703,1.93E-06,30.2465067,5.61
1008786_MgTe,53.44,151.905,2,2,48.6953,29.6721,73.98824691,0.246764585,8.140318368,-2.29044,-1.64725,4.720132258,4.324144547,2.507246641,2.782468351,219.9301055,1.191696854,1.316697167,1.2763913,2.16E-06,13.475476,5.57
2726938_YAsPd,264.52,1080.99,12,3,85.4515,17.2779,48.56077806,0.405285887,1.631979073,-1.14211,-0.3015,6.778984205,4.000460085,1.596478841,1.808553943,133.1502211,1.715778128,2.141275271,2.009478718,6.43E-06,4.565574645,5.48
2779284_YGaCd,297.53,1084.16,12,3,57.2259,29.4389,75.38914206,0.280434086,6.646668004,-0.66767,-0.11803,6.044551433,3.995136131,2.206880161,2.459021684,174.0799289,1.105518374,0.429779972,0.728375481,5.63E-07,7.091270074,5.48
4964_PtSbY,72.31,405.736,3,3,92.2758,46.3256,119.0537801,0.284967492,8.421572567,-7.28209,-4.13075,9.317378323,4.066066666,2.22978845,2.485937907,177.6509042,2.835176012,3.05719371,2.985023159,1.66E-05,19.64841117,5.44
961684_AsCaLi,74.36,122.01,3,3,37.8614,18.9498,48.72103475,0.285528996,4.974346342,-1.43604,-0.3596,2.724611555,4.813467348,2.637242211,2.94040296,208.1790346,0.961497753,0.538877877,0.708344705,5.27E-07,5.398373123,5.41
1100409_SbCaLi,75.13,168.838,3,3,36.5341,25.1644,61.39668297,0.219911521,8.532048194,-1.46848,-1.18917,3.731688278,4.333760633,2.596812606,2.87307598,202.7150133,1.470236223,1.608506636,1.563775532,3.52E-06,9.500483902,5.25
961723_RhCaLi,60.06,149.994,3,3,43.2424,7.70781,21.82659155,0.415875038,0.878171721,-2.21522,-0.73496,4.147029333,3.592422344,1.363317303,1.546646534,117.5815631,1.626154471,2.696772987,2.393710332,9.79E-06,1.812405452,5.25
2812671_SbLiCd,305.96,964.684,12,3,37.155,20.9753,52.95997852,0.262436736,6.077257701,-0.57431,-0.20701,5.230243193,3.528605818,2.0025951,2.22653277,156.1603608,1.830850768,1.343127701,1.523154465,3.31E-06,6.175616426,5.19
962068_SnCaMg,86.3,183.093,3,3,34.4837,19.2462,48.68176955,0.264711204,5.702263039,-0.86692,-0.85069,3.522974447,4.131864788,2.337317715,2.599392975,175.1237069,1.269033701,1.74058118,1.598925912,3.72E-06,7.018618039,5.15
5238_CuGaS2,154.61,394.802,8,8,78.7311,34.1709,89.55628336,0.310417393,5.944369741,-2.39971,-0.05035,4.240238764,5.414108517,2.838788601,3.175082404,176.1242163,1.36761441,-0.052759607,0.790766785,6.86E-07,5.290683531,5.09
504715_BaTiO3,131.53,466.414,10,10,165.855,108.584,267.39761,0.231293791,18.91109223,-5.07541,-2.60161,5.888372908,7.263176678,4.294229639,4.757147299,278.4934113,1.642251386,1.409024795,1.490826545,3.14E-06,24.13943936,4.99
5893_CaSiO3,46.88,116.163,5,5,218.867,153.139,372.5315059,0.216318201,24.99451149,-17.5966,-10.5548,4.114610828,10.13987649,6.100683872,6.747022281,557.0910859,1.588050015,1.448888561,1.496714065,3.17E-06,20.50441847,4.89
2780442_SrAlGa,330.1,737.296,12,3,34.4839,8.86356,24.49222884,0.381624812,1.46241693,-0.63127,-0.2747,3.705081906,3.535093256,1.546696803,1.746478962,119.429454,3.389194807,4.948573147,4.489372407,4.43E-05,3.336631233,4.8
10634_CuF,28.84,82.544,2,2,70.1281,8.27904,23.89673598,0.443206941,0.565446001,-18.0036,37.496,4.752682502,4.132566628,1.319837881,1.502722259,145.8893424,-5.850161244,-65.47524351,53.56690337,1.67E-02,7.626005205,4.66
554465_RbFeF3,68.24,198.309,5,5,84.9289,45.3178,115.4235213,0.273489901,8.928671359,-2.05163,-2.77613,4.825607052,5.488270078,3.064491577,3.411718127,248.5631455,1.183821581,1.923495601,1.712805125,4.38E-06,12.39680549,4.62
1759138_YTlCd,343.9,1622.79,12,3,50.0303,23.6832,61.36644304,0.295569075,5.309701806,-0.64473,-0.13932,7.827653748,3.228868052,1.739419714,1.941806345,130.9860725,1.583197691,0.844855172,1.145145617,1.67E-06,5.687098468,4.58
8402_RbMgF3,70.24,166.767,5,5,68.8285,46.0127,112.8834427,0.226655279,11.72712284,-3.52526,-2.1241,3.942522327,5.746229873,3.416266784,3.782558706,272.9401602,1.54844909,1.454589899,1.486534912,3.12E-06,13.16858276,4.54
1100411_SnCaCd,85.65,271.199,3,3,53.9649,22.3331,58.87727897,0.318161808,4.383946025,-0.75927,-1.18933,5.257862986,3.990873692,2.060961471,2.307419181,155.8453955,1.032564795,2.113941814,1.82607868,5.11E-06,7.707192784,4.49
2691_CdSe,59.83,191.371,2,2,44.5726,16.3207,43.63616202,0.336834879,3.162110449,-3.05538,0.27523,5.311359181,3.53397709,1.752937998,1.967383378,149.7588843,1.045747046,-0.671149039,0.815366778,7.38E-07,4.652339473,4.4
2715332_YInCd,341.07,1264.55,12,3,48.7393,22.3803,58.22838798,0.300884885,4.957079573,-0.48887,-0.07414,6.150266635,3.574441643,1.90759414,2.130979234,144.1433597,1.108820497,0.398270573,0.71803477,5.44E-07,4.886427598,4.39
1123_HgS,54.08,232.656,2,2,48.7199,15.8471,42.89092893,0.353273751,2.705985205,-4.24206,1.17675,7.143747937,3.126930115,1.489401676,1.675293846,131.8930865,0.868124998,-2.174562118,1.84491028,5.24E-06,5.178649222,4.35
1100393_SeAgLi,55.92,193.838,3,3,50.3701,2.02893,6.006146583,0.480126614,0.070589727,-3.42345,-3.44038,5.755993642,3.036590575,0.593708654,0.67878225,52.84671815,4.053316256,47.24404972,38.64552514,7.70E-03,0.62674379,4.34
241_CdF2,41.31,150.407,3,3,109.822,32.8304,89.56617206,0.364073725,3.753947058,-8.7485,-1.69283,6.04590616,5.040331066,2.330276127,2.624960289,226.0724315,1.313326322,0.898364635,1.054979315,1.37E-06,8.216214084,4.3
962075_SnMgSr,110.28,230.635,3,3,19.7529,4.74812,13.18769244,0.388727795,0.938506842,-0.94771,-0.40641,3.472777867,2.740604193,1.169290283,1.321612742,82.05062569,2.98226959,4.55297972,4.096876068,3.55E-05,1.437621242,4.23
978493_SnSiO3,50.81,194.795,5,5,202.754,120.454,301.6302275,0.252055671,17.93564561,-14.1908,-9.22377,6.366154268,7.554914971,4.349827494,4.830297526,388.2702213,1.685376333,1.778722252,1.748160851,4.60E-06,42.41210697,4.22
5878_KZnF3,70.67,161.482,5,5,68.6875,37.9826,96.21323492,0.266543561,8.395647694,-3.40392,-1.45486,3.79435164,5.607997239,3.163905888,3.51943809,253.4379024,1.415662067,1.186781441,1.267674967,2.13E-06,9.598042607,4.15
22867_RbBr,87.44,165.372,2,2,9.7129,6.92255,16.78095804,0.212050331,4.173484164,-0.51468,-0.20013,3.140511427,2.455974247,1.484680012,1.64120401,110.0869363,1.637066349,1.09727272,1.302305785,2.27E-06,2.185547015,3.8
1766995_NaAsSr,332.59,742.128,12,3,31.3608,7.02096,19.60020222,0.395834916,1.085632674,-0.30285,-0.23111,3.701443206,3.316877493,1.377249757,1.558183316,106.2866577,2.328434042,5.307290947,4.53711654,4.54E-05,2.383263777,3.79
961657_NiPY,53.14,178.57,3,3,114.249,39.5938,106.4808373,0.344665544,4.979415749,-11.0569,-4.13063,5.580016674,5.471336751,2.663764607,2.99276124,236.9962566,2.468117534,2.605253157,2.560357539,1.15E-05,17.42473459,3.78
22914_CuCl,39.86,98.999,2,2,55.839,7.61808,21.86011918,0.434752535,0.637898924,-26.0411,0.66918,4.124222256,4.000269251,1.359101005,1.545744061,134.7209348,7.427936615,-1.917338411,4.565326404,4.61E-05,3.047779123,3.76
4076_CoSbV,48.74,231.624,3,3,145.623,48.1592,130.1321957,0.35106268,5.286314957,-4.21201,-2.15173,7.891264142,5.156629755,2.47039467,2.7778957,226.410915,0.655709698,0.922173266,0.842765739,7.99E-07,12.2762446,3.73
978489_PbSiO3,52.05,283.285,5,5,205.263,122.865,307.2842582,0.250495496,18.3051366,-14.5455,-9.04103,9.037564159,6.390521853,3.687129538,4.093650594,326.4227803,1.708982926,1.748384859,1.735350289,4.52E-06,36.83728511,3.69
1764103_YSiAg,274.4,899.436,12,3,70.2877,28.1032,74.3945218,0.32359521,4.816677404,-0.7985,-0.23855,5.437354127,4.451764972,2.27344304,2.547113615,185.2465853,1.254963712,0.997935941,1.090364802,1.48E-06,8.109159455,3.67
1076534_RbTaO3,67.6,314.416,5,5,194.89,127.542,314.1058328,0.231381948,20.76814091,-10.737,-4.70344,7.723363769,6.874024231,4.063716162,4.501829475,329.01579,1.40857724,1.079795456,1.19944519,1.86E-06,11.82169294,3.61
753_ZnSb,404.25,1497.12,16,16,46.1683,26.8948,67.56472203,0.256092665,7.291477703,-2.49166,-0.17875,6.149717014,3.652191856,2.09125308,2.323352179,93.54953557,6.560300689,1.176709888,3.907549848,3.17E-05,3.923647975,3.5
4170_NaTaO3,62.86,251.938,5,5,205.976,114.014,288.7624005,0.266346241,15.98917885,-11.3097,-3.14818,6.655303249,7.334227107,4.138997526,4.603992774,344.7358429,1.194788255,0.701185504,0.896445053,9.27E-07,9.466112152,3.45
23251_KBr,76.39,119.002,2,2,11.3183,7.94457,19.31459371,0.215584589,4.443544516,-1.32896,-0.27154,2.586820527,2.910372277,1.752475878,1.937985447,135.9820573,2.781080009,1.138812459,1.85545984,5.31E-06,3.264567478,3.4
1766664_SrAsK,415.39,806.56,12,3,22.9461,2.96139,8.51774095,0.438132254,0.343934222,-0.17768,-0.06351,3.220936052,2.889626124,0.958863421,1.091020709,69.10522912,1.859421086,4.287562412,3.661685843,2.71E-05,0.703684942,3.35
1100433_SiCaZn,64.1,133.553,3,3,58.5858,24.1912,63.79313106,0.318519359,4.581753149,-2.69015,-2.22838,3.459745608,5.124107501,2.644275022,2.960625156,220.2456541,1.830734787,2.785629168,2.508056989,1.09E-05,11.04255088,3.1
1100430_ZnLiSb,65.87,194.15,3,3,44.2144,27.2291,67.77449797,0.244523285,7.837974445,-2.12062,-1.01115,4.894386701,4.056041442,2.35867174,2.616902798,192.9160242,1.252183009,1.056371379,1.125433734,1.60E-06,7.900918511,3.09
379_AgSe,52.94,186.828,2,2,55.2052,4.07536,11.932454,0.463975453,0.215652602,-3.93912,1.00003,5.860120898,3.216790483,0.833930199,0.951855747,75.4720981,0.970787762,-6.661993239,5.468294576,7.11E-05,1.194732791,3.09
7104_CsCaF3,95.67,229.972,5,5,56.8374,30.034,76.60823413,0.275358496,6.939354955,-1.77558,-0.74561,3.99160664,4.926622924,2.743043659,3.054543383,198.8372,1.200861587,1.020862612,1.08418779,1.46E-06,6.859582796,3.03
820_HgSe,61.75,279.55,2,2,44.56,14.3723,38.93129112,0.354386254,2.530595568,-2.74551,0.52417,7.517459254,2.911473172,1.382698831,1.555507229,117.1663711,0.824956821,-1.292704166,1.157975515,1.71E-06,3.784394848,3
935811_KNbO3,65.58,180.008,5,5,174.046,116.094,284.9297229,0.227150942,20.09991479,-9.33171,-4.07238,4.557943553,8.493887956,5.046850223,5.588284796,412.5703303,1.305277648,0.983550745,1.101286199,1.52E-06,12.76694476,2.94
22913_CuBr,46.87,143.45,2,2,51.007,10.1217,28.48118835,0.406936994,1.167677672,-10.746,-0.01866,5.082228031,3.562554663,1.411236033,1.599064279,132.0416279,3.746595323,-0.123462748,2.165445498,7.70E-06,3.256738002,2.94
1100434_SiBaSr,108.27,253.032,3,3,24.5333,7.79512,21.14576736,0.356346494,1.738459327,-0.80307,-0.58851,3.880751729,3.000001193,1.417272867,1.594825199,99.62162987,2.294276296,3.920376105,3.464217147,2.38E-05,2.623698308,2.92
1766119_NaAsBa,371.76,940.956,12,3,28.4757,4.48769,12.79112176,0.425134285,0.554108787,-0.27114,-0.17862,4.198634945,2.864831501,1.033849606,1.174335023,77.18526328,2.580595194,7.231768965,6.089784788,9.20E-05,1.35099485,2.91
21276_PbS,53.67,239.266,2,2,54.4024,32.1734,80.62618083,0.252994412,8.241647362,-3.58755,-1.43618,7.402832826,3.625417646,2.084728522,2.315257366,182.7393218,1.350887495,1.03121389,1.147708035,1.68E-06,11.68573617,2.9
861873_TlTaO3,67.31,433.328,5,5,212.906,109.491,280.4050975,0.280493819,14.32713269,-12.6823,-3.53252,10.69019704,5.794156802,3.200341743,3.566014911,260.9956229,1.464284962,0.919148246,1.130456758,1.62E-06,7.931009117,2.86
1753098_NaSrSb,389.84,929.44,12,3,26.9829,9.67471,25.92559243,0.339864059,2.272222826,-0.21809,-0.15742,3.95490832,3.175579936,1.564050487,1.756096207,113.6098802,1.925039807,3.004932937,2.693512092,1.30E-05,3.119974481,2.83
1100429_SbKSr,121.7,248.468,3,3,19.4722,3.38294,9.593268144,0.417889195,0.526412155,-0.49726,-0.16989,3.390224313,2.659718077,0.998925111,1.133562006,68.10176289,1.669734316,2.889197907,2.548394382,1.14E-05,0.756870471,2.81
22916_NaBr,53.94,102.894,2,2,21.0674,11.6921,29.6003745,0.265827974,4.232106315,-1.99807,-0.60223,3.167580471,3.401839672,1.921243593,2.136952376,168.3841189,1.894178833,1.222488669,1.480638437,3.09E-06,4.360588456,2.8
23295_RbCl,75.86,120.921,2,2,13.0613,8.65588,21.26919081,0.228597832,4.368246177,-0.73542,-0.26915,2.646899427,3.048741938,1.808368334,2.002699625,140.8493357,1.520411405,1.012746576,1.205952196,1.89E-06,3.09555325,2.8
1100395_BaBrCl,110.62,252.684,3,3,26.1574,7.95243,21.66204278,0.361976325,1.670404264,-0.83322,-0.2303,3.793085543,3.113115353,1.447950146,1.630590874,101.1293126,1.549006824,1.43509443,1.474043666,3.06E-06,1.961408726,2.79
2705709_SbCaK,478.44,803.704,12,3,23.9707,10.8993,28.39433526,0.302576095,3.216904082,-0.26551,-0.04525,2.786570966,3.717173178,1.977717468,2.209788798,133.5277518,1.857799992,0.826489316,1.267226629,2.13E-06,3.468641167,2.7
4045164_ZnRbF,115.74,300.636,5,3,20.1411,3.92834,11.06560453,0.408432637,0.657793511,0.24386,-0.09859,4.308826093,2.426927485,0.954827792,1.082131287,78.3811522,-0.422981055,1.285703367,1.077803209,1.44E-06,0.492492235,2.64
2774159_AuSnLa,342.06,1818.3,12,3,67.2548,24.4543,65.43235153,0.337849612,3.973353366,-1.32841,-0.4405,8.817890612,3.365228723,1.665310669,1.86928834,126.3200037,3.114405158,2.914129553,2.982382805,1.66E-05,8.366256352,2.61
22898_KI,93.82,166.002,2,2,11.5362,6.02379,15.39227242,0.27762359,2.673548621,-0.43088,-0.18222,2.938099099,2.58070945,1.431863741,1.594907531,104.4993603,1.448723952,1.252363578,1.321063985,2.35E-06,1.932077001,2.6
19717_PbTe,70.52,334.8,2,2,40.7703,26.3552,65.04902392,0.234083291,8.138568241,-2.09064,-1.08084,7.883547594,3.103060691,1.828404625,2.02614864,146.008162,1.473814535,1.279363658,1.347302493,2.46E-06,9.740377531,2.5
2730_HgTe,73.87,328.19,2,2,34.4956,13.4104,35.61589284,0.3279206,3.023477232,-1.79301,0.06722,7.377441816,2.664488316,1.348242365,1.511397153,107.2422291,1.034538146,-0.351804373,0.662772412,4.49E-07,2.893086897,2.5
2726756_SbPdLa,321.34,1468.28,12,3,77.2701,31.9807,84.31056019,0.318147511,5.409223798,-0.85149,-0.36113,7.579587195,3.977468932,2.054098219,2.299730923,158.6787211,1.619428978,1.647638746,1.638289462,3.94E-06,10.32062814,2.48
3654_RbCaF3,91.69,182.54,5,5,55.2994,29.3769,74.87244659,0.274342197,6.892830097,-1.56279,-0.70315,3.305861248,5.345661181,2.980991047,3.319100791,219.1407023,1.04672406,0.930655098,0.970887752,1.12E-06,6.875935368,2.46
2694166_NaGeBa,446.01,931.708,12,3,20.0963,7.38516,19.73768853,0.336307442,1.996897588,-0.14328,-0.02464,3.465266882,2.939548408,1.459861349,1.638338454,101.3410398,1.145104962,0.57737181,0.811989694,7.31E-07,1.437152978,2.44
19845_PbTiO3,62.33,303.08,5,5,189.038,95.0097,244.1295985,0.284761443,12.836608,-10.3738,-4.75059,8.074370989,6.253095284,3.430280413,3.824240149,287.159186,1.482599408,1.391617775,1.422591657,2.81E-06,7.894774415,2.42
1342_BaO,177.27,613.308,8,8,71.1538,38.1922,97.18788622,0.272352551,8.134367257,-1.39745,-0.48467,5.745025135,4.60967687,2.578347036,2.870093532,152.1110979,1.317164661,0.95813697,1.091020264,1.48E-06,6.303024148,2.3
22903_RbI,106.05,212.372,2,2,9.35648,5.19493,13.15089773,0.265743497,2.634333481,-0.34857,-0.15664,3.325332924,2.212841749,1.249891411,1.390209613,87.44198254,1.648556292,1.432168351,1.507752215,3.23E-06,1.590478431,2.3
23209_SrCl2,87.5,158.526,3,3,34.218,14.1887,37.39711963,0.317848697,3.369856146,-1.33865,-0.24407,3.008437521,4.202667394,2.171704868,2.431306825,163.0473273,1.203458838,0.585908446,0.843581766,8.01E-07,3.815110162,2.3
2750278_ScBaSn,451.79,1203.97,12,3,32.9769,4.45135,12.77906091,0.435414078,0.460073805,-0.22826,-0.23748,4.420592792,2.966891792,1.003472825,1.141376398,70.29858976,2.99662692,11.88485582,9.856966545,2.92E-04,1.689369333,2.3
962072_SnKY,107.52,246.714,3,3,26.5601,6.53188,18.11097311,0.386352253,1.161644596,-0.70504,-0.24469,3.810246625,3.042437829,1.309310212,1.479390035,92.62528056,1.405305885,1.847230466,1.712639816,4.38E-06,1.547705363,2.26
10250_BaLiF3,66.29,201.331,5,5,76.0653,44.424,111.5550405,0.255571769,9.808682756,-3.83228,-2.26812,5.043257927,5.179513568,2.967927175,3.297121536,242.5467999,1.513017287,1.525590613,1.52141105,3.30E-06,11.04519883,2.21
463_KF,40.58,58.096,2,2,32.4981,19.7717,49.31424415,0.247091655,6.407865853,-2.6252,-1.21426,2.377293139,4.975882462,2.883902925,3.200592264,277.2913164,1.296373634,1.079424231,1.15627245,1.71E-06,9.058418897,2.21
4551_SrHfO3,71.02,314.11,5,5,170.038,103.21,257.5255457,0.247580398,16.80246154,-7.67617,-3.24446,7.344287053,6.472239495,3.74874645,4.160643563,299.1186935,1.218652091,0.949608642,1.046999851,1.35E-06,8.544147297,2.2
961774_SbBaNa,107.7,282.067,3,3,24.7125,10.2838,27.09322964,0.317277156,2.803154813,-0.78506,-0.4797,4.348957107,2.9724191,1.537744735,1.721436446,107.719838,1.829936371,2.3452302,2.186997676,7.88E-06,3.070848057,2.12
961664_PdSnV,57.48,276.071,3,3,123.802,27.3116,76.32238037,0.39725209,2.36226094,-8.4902,-0.72071,7.975401893,4.482070069,1.850534913,2.094052688,161.544416,1.528691279,0.591736554,1.006181118,1.22E-06,6.027691704,2.05
962062_SnBaSr,126.26,343.657,3,3,20.305,8.27733,21.86139231,0.320558218,2.410082541,-0.57219,-0.31464,4.519682815,2.633331259,1.353290883,1.515595096,89.94379245,1.830901164,2.233047154,2.107541874,7.21E-06,2.262798984,2.01
2201_PbSe,59.58,286.16,2,2,48.4626,29.814,74.22170096,0.244745773,8.254897375,-2.92283,-1.32511,7.975482683,3.325766439,1.933444167,2.145176002,163.5206844,1.417022143,1.157376632,1.24993241,2.06E-06,10.72879241,2
961652_FeSbZr,57.65,268.821,3,3,113.873,38.8062,104.5430369,0.346988843,4.825464947,-18.8284,-2.31889,7.74305651,4.624801483,2.238691985,2.515972593,193.9021992,3.648524158,1.555790164,2.459857353,1.04E-05,14.52718558,1.97
2804770_SrKBi,520.65,1342.79,12,3,16.8902,2.34651,6.727964026,0.433610772,0.327181408,-0.1132,-0.03327,4.278225631,2.163157021,0.740592589,0.84217136,49.47454099,1.882239516,3.524352229,3.075979132,1.79E-05,0.432299292,1.96
1100443_SeKNa,87.16,141.048,3,3,19.391,7.70298,20.40677598,0.324602685,2.241939538,-0.7947,-0.54202,2.687189284,3.322373471,1.693090823,1.897150424,127.3911601,2.062744838,2.899838971,2.650348932,1.25E-05,2.555938277,1.9
2752431_KSnLa,469.11,1186.83,12,3,24.3843,4.89768,13.77105059,0.405874883,0.774540472,-0.84013,0.21454,4.196771117,2.714086921,1.080283047,1.223885588,74.4410551,4.037227441,-10.44121088,8.838117723,2.25E-04,1.916985682,1.88
2805096_NaBiSr,419.99,1278.36,12,3,21.4299,7.14849,19.29952078,0.349901922,1.749373517,-0.30039,-0.23761,5.049119887,2.476288218,1.189869454,1.337768591,84.42374401,4.019525414,6.813396528,6.027750522,8.98E-05,2.491204403,1.83
2672659_NaKTe,483.06,758.752,12,3,15.605,5.42642,14.58830095,0.344192022,1.56308432,-0.11758,-0.03234,2.605554919,2.960738759,1.44313376,1.621269706,97.65283106,1.532697861,1.272787006,1.364934218,2.54E-06,1.323722372,1.82
23268_NaI,68.77,149.894,2,2,14.7171,8.73427,21.87530786,0.252268814,3.859496751,-0.84855,-0.43094,3.619376589,2.698850488,1.553446926,1.725079609,125.3581957,1.689530955,1.529854268,1.584868344,3.64E-06,2.920613883,1.8
12725_AgNbO3,63.54,248.778,5,5,194.516,81.7014,215.0021717,0.315780217,9.526097652,-10.562,-3.04992,6.50149615,6.831841385,3.544933515,3.967624533,296.0225277,1.364878937,1.019310053,1.146135606,1.67E-06,6.553102229,1.79
1752361_NaPtLi,230.26,900.32,12,3,35.6292,12.7211,34.10440499,0.340466036,2.653735795,-0.48869,-0.20264,6.486043501,2.847504437,1.400465468,1.572551242,121.2537658,1.494644668,1.667289768,1.611797446,3.79E-06,2.510400617,1.76
977408_TlNbO3,67.38,345.29,5,5,180.733,99.1291,251.4206015,0.268147302,14.57569298,-8.62283,-2.6591,8.50945101,6.063949457,3.413106268,3.797374901,277.8325165,1.143474558,0.737054632,0.893314638,9.19E-07,6.940590025,1.75
8399_CsCdF3,94.67,302.305,5,5,58.6108,26.5881,69.28719326,0.30297376,5.405331874,-2.5468,-0.73035,5.302510062,4.211777598,2.239251641,2.502138734,163.449599,1.605019133,1.133581085,1.30971989,2.30E-06,5.383126956,1.73
20320_InTe,269.21,969.68,8,8,20.9932,12.1476,30.55022637,0.257459349,4.544423328,-0.33592,-0.20054,5.981165207,2.493562109,1.425122977,1.583547352,73.01474803,2.016933599,2.055474884,2.042708589,6.69E-06,1.628094132,1.7
2750764_MgBaSn,458.11,1121.37,12,3,26.8463,8.0586,21.97683161,0.36356387,1.658520329,-0.19259,-0.06538,4.060510341,3.042651464,1.408768036,1.586809139,97.28174797,1.538023814,1.691672983,1.642054832,3.96E-06,2.046058236,1.61
22925_AgI,72.81,234.772,2,2,27.2524,8.34892,22.72601424,0.361015212,1.734073928,-1.56387,0.19206,5.354313757,2.677471559,1.248714749,1.406040726,100.248409,1.073686895,-1.004133585,1.027841113,1.29E-06,2.005160123,1.51
1883_SnTe,65.61,246.31,2,2,41.2661,30.211,72.85411546,0.205754782,10.1970709,-2.06878,-1.28032,6.233910382,3.616803138,2.201416783,2.43183428,179.5094141,1.35229622,1.223585149,1.267941415,2.13E-06,12.68846511,1.5
2757553_PbKLa,483.46,1540.79,12,3,21.659,8.00303,21.37624006,0.33550918,2.106418289,-0.06027,-0.78155,5.286696306,2.472912219,1.230368039,1.380641862,83.13631766,8.075531296,23.43990253,19.69832706,1.54E-03,4.818422577,1.5
6951_RbCdF3,91.3,254.873,5,5,61.3,26.3467,69.13532717,0.312030106,5.047493492,-3.07005,-0.59207,4.63555354,4.560924474,2.384033273,2.667008534,176.3372562,1.660431319,0.859192189,1.187918992,1.82E-06,5.414897603,1.46
961695_CoLaTe,70.21,325.433,3,3,84.9865,31.008,82.93723073,0.337352147,4.583814159,-4.32078,-4.29995,7.696817071,4.051338443,2.007156773,2.252856848,162.5837756,2.627174157,4.701423657,4.127501781,3.62E-05,13.61740362,1.42
5342_AgGaS2,178.11,483.446,8,8,62.8958,19.8709,53.93295481,0.357083847,2.985481946,-1.42128,0.21616,4.507214385,4.453394521,2.099687491,2.362966963,125.0368856,0.962149484,-1.135426451,1.080758697,1.45E-06,2.753548921,1.4
2695018_SrGeBa,497.85,1190.23,12,3,22.696,7.62895,20.58085862,0.348865743,1.833559285,-0.0809,0.1106,3.96582769,2.8788516,1.386964879,1.559145262,92.97160718,-0.670808723,-3.775433928,3.106862675,1.83E-05,2.515161085,1.35
961656_FeTeV,48.62,234.388,3,3,159.941,52.2497,141.356291,0.352699547,5.46555278,-10.5896,-2.88182,8.005140651,5.355602441,2.554802998,2.873445085,234.3911354,1.361344939,1.174145705,1.239690327,2.02E-06,16.07065852,1.26
2694592_YGeK,371.77,802.456,12,3,29.6828,3.0162,8.752151774,0.450857333,0.262816024,-0.26755,-0.13701,3.580538492,3.068097288,0.917816571,1.045991377,68.74903188,2.3164217,8.277104917,6.889284944,1.24E-04,0.855302941,1.24
8397_CsSrF3,112.51,277.514,5,5,42.7814,21.7905,55.88350242,0.282290503,5.509606504,-1.56315,-0.38071,4.095833754,4.187917299,2.306547684,2.570664198,158.5349087,1.454968228,0.816185542,1.072263995,1.42E-06,4.409000364,1.13
22535_PbHfO3,71.38,433.69,5,5,171.413,89.5169,228.7335717,0.277599937,12.96558558,-8.5108,-3.01734,10.08907645,5.368441753,2.97870031,3.317870034,238.1279947,1.371791044,1.036333712,1.158991773,1.72E-06,6.20943773,1.12
4950_KCaF3,89.4,136.17,5,5,53.9291,28.1987,72.03991141,0.277362279,6.606157623,-0.000946554,-0.56445,2.529254124,6.015604151,3.33901454,3.719103238,247.6294694,0.201349285,0.728087879,0.605740718,3.62E-07,1.823057859,1.06
561947_CsHgF3,101.92,390.484,5,5,56.4703,18.7382,50.61605917,0.350611563,3.055187697,-1.33785,-0.41747,6.36198113,3.578174616,1.716199404,1.92970507,122.9931899,1.018564989,0.968675639,0.985586057,1.16E-06,2.710027485,1
22922_AgCl,44.05,143.321,2,2,42.8008,9.54988,26.66634096,0.396161049,1.294576229,-4.21795,-0.74278,5.402720058,3.206071039,1.329513418,1.50424305,126.8078021,1.89897558,1.54641554,1.672215127,4.14E-06,2.5457419,1
2750457_NaBaSn,512.36,1116.11,12,3,17.5157,4.09462,11.39586192,0.391565263,0.833018596,-0.10854,0.02253,3.613543124,2.521523188,1.064486556,1.203625452,71.08798762,0.708630864,-1.576256665,1.350472492,2.48E-06,0.762803305,1
1016821_BaSiO3,56.49,213.412,5,5,178.613,124.522,303.1239457,0.217150165,22.05203094,-10.9845,-7.99104,6.273296425,7.412016993,4.455281394,4.927750285,382.3561671,1.60676541,1.645920063,1.63297283,3.91E-06,13.42005849,0.87
14099_AgZnF3,67.42,230.252,5,5,87.3594,29.6287,79.85792963,0.347644845,4.097824182,-4.64088,-1.038,5.671046538,4.729749775,2.28572876,2.569061629,187.9265781,1.434245895,1.014315962,1.171144031,1.76E-06,1.596463111,0.8
2729648_MnTeTi,209.65,921.672,12,3,136.262,32.2659,89.71630004,0.390264955,2.82915582,-2.08518,-0.76469,7.292609971,4.958248671,2.103441307,2.377956995,189.1772772,1.648657724,2.3176474,2.118258029,7.30E-06,10.55199431,0.77
10175_KCdF3,89.39,208.503,5,5,60.9608,24.6721,65.21794798,0.321694302,4.527333223,-2.89818,-0.43308,3.873217799,4.9226303,2.523870682,2.826984809,188.2364664,1.488435736,0.617883923,0.996494192,1.19E-06,1.496215024,0.75
7482_RbHgF3,98.95,343.052,5,5,57.4446,18.7115,50.6365333,0.353085891,2.98716368,-2.06489,-0.24968,5.756953283,3.783114695,1.802843172,2.02780452,130.5261174,1.27314747,0.493511192,0.838254351,7.89E-07,0.792304811,0.43
2136_Sb2O3,361.45,1166,20,20,13.5596,20.2994,40.62543168,0.000655972,18.66096793,-0.40453,-0.28799,5.356719056,2.753910023,1.946669238,2.110794607,88.22124158,3.341100413,2.397300384,2.74815394,1.36E-05,1.715851877,0.4
7483_KHgF3,389.13,1186.728,20,20,55.5039,15.5995,42.78977785,0.371511198,2.259855869,-0.55225,-0.03342,5.064132071,3.88167311,1.755103885,1.979060317,80.70567208,1.355134345,0.250164789,0.80861073,7.24E-07,0.252008552,0.37
21043_RbPbF3,113.12,349.662,5,5,49.6481,19.4144,51.52684509,0.327026462,3.77991025,-1.50273,-0.25498,5.132838373,3.836121479,1.944836928,2.179931171,134.1960034,1.213153633,0.576166941,0.843737405,8.01E-07,0.920056249,0.32
2694811_KGeBa,514.04,996.14,12,3,17.0831,6.22177,16.64461914,0.337611254,1.78749964,-0.10845,-0.00604,3.214585077,2.809784565,1.391215841,1.561571155,92.12823188,1.013203721,0.082844453,0.58887129,3.38E-07,1.064399657,0.22
542680_Au4In8Na12,631.16,1982.304,24,24,29.6136,17.2377,43.30974867,0.256250795,5.615733477,-0.16915,0.18466,5.215300511,3.175715901,1.818025582,2.019838117,70.1046255,-0.629041978,-3.547338264,2.919070134,1.58E-05,1.50476311,0.158
23425_Cs8Pb4Cl24,318.98,685.718,9,9,7.90408,3.76125,9.738951553,0.294642945,1.820756861,-0.11943,-0.0549,3.569691164,1.902394018,1.026480677,1.145781266,49.92566193,2.21140969,2.161283084,2.178120134,7.80E-06,0.355214587,0.157
21613_K5Pb24,995,5168.29,29,29,29.5983,8.44429,23.13295348,0.369739402,1.606076352,-0.11003,-0.02278,8.625262912,2.176451252,0.989453522,1.115440506,33.26457534,1.542956024,1.17542959,1.309450614,2.30E-06,0.292956897,0.135
20118_Ag2Cr4Te8,356.66,1444.52,14,14,61.705,6.38702,18.52199586,0.44997165,0.416537065,-0.76691,0.12912,6.725393536,3.23128107,0.974518946,1.110491712,46.62016281,1.34373232,-3.771786049,3.175865055,1.93E-05,0.472718721,0.107
621624_Sb6Tl21,833.92,5022.48,27,27,29.3115,16.6745,42.04983759,0.260902504,5.361646582,-0.16194,-0.10039,10.00097576,2.270223286,1.291234802,1.435362682,45.40079457,2.226115994,2.343670339,2.305151747,8.94E-06,0.91902608,0.089
30717_Hg4K2,210.12,880.556,6,6,9.70006,5.4157,13.69785544,0.264643115,2.716863032,0.64308,0.34669,6.958860598,1.559350913,0.882182079,0.981090058,49.13183788,-7.029521448,-6.892159475,6.938248968,1.26E-04,0.901755135,0.086